,,Title,,Year,Rating,,,Available On,,
0,,The Revenant,,2015,18+,8.0/10,82/100,+ Rent or Buy,,Want To SeeSeen
1,,Little Women,,2019,7+,7.8/10,78/100,+ Rent or Buy,,Want To SeeSeen
2,,Maleficent: Mistress of Evil,,2019,7+,6.6/10,73/100,+ Rent or Buy,,Want To SeeSeen
3,,Logan,,2017,18+,8.1/10,82/100,Rent or Buy,,Want To SeeSeen
4,,Doctor Sleep,,2019,18+,7.3/10,75/100,+ Rent or Buy,,Want To SeeSeen
5,,Toy Story 4,,2019,all,7.7/10,79/100,+ Rent or Buy,,Want To SeeSeen
6,,Gemini Man,,2019,13+,5.7/10,71/100,+ Rent or Buy,,Want To SeeSeen
7,,Sicario: Day of the Soldado,,2018,18+,7.1/10,74/100,+ Rent or Buy,,Want To SeeSeen
8,,Hamilton,,2020,13+,8.5/10,78/100,,,Want To SeeSeen
9,,Jurassic World: Fallen Kingdom,,2018,13+,6.2/10,74/100,Rent or Buy,,Want To SeeSeen
10,,The King of Staten Island,,2020,18+,7.1/10,73/100,+ Rent or Buy,,Want To SeeSeen
11,,In the Shadow of the Moon,,2019,18+,6.2/10,75/100,,,Want To SeeSeen
12,,Monster Hunter,,2020,13+,5.3/10,67/100,Rent or Buy,,Want To SeeSeen
13,,Mank,,2020,18+,6.9/10,73/100,,,Want To SeeSeen
14,,Ocean's Eight,,2018,13+,6.9/10,76/100,+ Rent or Buy,,Want To SeeSeen
15,,Pirates of the Caribbean: Dead Men Tell No Tales,,2017,13+,6.5/10,75/100,+ Rent or Buy,,Want To SeeSeen
16,,Bad Boys for Life,,2020,18+,6.6/10,74/100,+ Rent or Buy,,Want To SeeSeen
17,,Godzilla: King of the Monsters,,2019,13+,6.0/10,71/100,Rent or Buy,,Want To SeeSeen
18,,Inside Out,,2015,7+,8.1/10,83/100,+ Rent or Buy,,Want To SeeSeen
19,,Incredibles 2,,2018,7+,7.6/10,81/100,+ Rent or Buy,,Want To SeeSeen
20,,The Hunt,,2020,16+,6.5/10,72/100,+ Rent or Buy,,Want To SeeSeen
21,,Star Wars: The Last Jedi,,2017,13+,7.0/10,79/100,+ Rent or Buy,,Want To SeeSeen
22,,The Old Guard,,2020,18+,6.7/10,75/100,,,Want To SeeSeen
23,,"Extremely Wicked, Shockingly Evil and Vile",,2019,18+,6.7/10,73/100,,,Want To SeeSeen
24,,Pokémon Detective Pikachu,,2019,7+,6.6/10,73/100,+ Rent or Buy,,Want To SeeSeen
25,,Da 5 Bloods,,2020,18+,6.5/10,81/100,,,Want To SeeSeen
26,,The Little Things,,2021,18+,6.3/10,70/100,Rent or Buy,,Want To SeeSeen
27,,Minari,,2020,13+,7.5/10,76/100,Rent or Buy,,Want To SeeSeen
28,,Bloodshot,,2020,13+,5.7/10,71/100,+ Rent or Buy,,Want To SeeSeen
29,,Ant-Man and the Wasp,,2018,13+,7.0/10,78/100,+ Rent or Buy,,Want To SeeSeen
30,,Suicide Squad,,2016,13+,5.9/10,76/100,+ Rent or Buy,,Want To SeeSeen
31,,How to Train Your Dragon: The Hidden World,,2019,7+,7.5/10,75/100,+ Rent or Buy,,Want To SeeSeen
32,,Peninsula,,2020,N/A,5.5/10,65/100,+ Rent or Buy,,Want To SeeSeen
33,,El Camino: A Breaking Bad Movie,,2019,18+,7.3/10,76/100,,,Want To SeeSeen
34,,Code 8,,2019,N/A,6.1/10,70/100,+ Rent or Buy,,Want To SeeSeen
35,,Hereditary,,2018,18+,7.3/10,77/100,+ Rent or Buy,,Want To SeeSeen
36,,Miracle in Cell No. 7,,2019,16+,8.2/10,76/100,+ Rent or Buy,,Want To SeeSeen
37,,Jojo Rabbit,,2019,13+,7.9/10,80/100,+ Rent or Buy,,Want To SeeSeen
38,,I'm Thinking of Ending Things,,2020,18+,6.6/10,71/100,,,Want To SeeSeen
39,,Hellboy,,2019,18+,5.2/10,68/100,+ Rent or Buy,,Want To SeeSeen
40,,Crazy Rich Asians,,2018,13+,6.9/10,75/100,+ Rent or Buy,,Want To SeeSeen
41,,Bliss,,2021,18+,5.3/10,65/100,,,Want To SeeSeen
42,,Terminator: Dark Fate,,2019,18+,6.2/10,73/100,+ Rent or Buy,,Want To SeeSeen
43,,The Lighthouse,,2019,18+,7.5/10,77/100,+ Rent or Buy,,Want To SeeSeen
44,,Frozen II,,2019,7+,6.8/10,75/100,+ Rent or Buy,,Want To SeeSeen
45,,Good Boys,,2019,18+,6.7/10,71/100,+ Rent or Buy,,Want To SeeSeen
46,,It Chapter Two,,2019,18+,6.5/10,74/100,+ Rent or Buy,,Want To SeeSeen
47,,Roma,,2018,18+,7.7/10,90/100,,,Want To SeeSeen
48,,The Midnight Sky,,2020,13+,5.6/10,69/100,,,Want To SeeSeen
49,,Alita: Battle Angel,,2019,13+,7.3/10,76/100,Rent or Buy,,Want To SeeSeen
0,,Dark Waters,,2019,13+,7.6/10,76/100,+ Rent or Buy,,Want To SeeSeen
1,,Rampage,,2018,13+,6.1/10,73/100,+ Rent or Buy,,Want To SeeSeen
2,,Kong: Skull Island,,2017,13+,6.6/10,77/100,+ Rent or Buy,,Want To SeeSeen
3,,Midway,,2019,13+,6.7/10,73/100,+ Rent or Buy,,Want To SeeSeen
4,,Sputnik,,2020,18+,6.4/10,69/100,+ Rent or Buy,,Want To SeeSeen
5,,One Night in Miami...,,2021,18+,7.1/10,84/100,,,Want To SeeSeen
6,,Gerald's Game,,2017,18+,6.5/10,85/100,,,Want To SeeSeen
7,,Zombieland: Double Tap,,2019,18+,6.7/10,75/100,+ Rent or Buy,,Want To SeeSeen
8,,The Hobbit: The Battle of the Five Armies,,2014,13+,7.4/10,79/100,+ Rent or Buy,,Want To SeeSeen
9,,Judas and the Black Messiah,,2021,18+,7.5/10,74/100,Rent or Buy,,Want To SeeSeen
10,,Alien: Covenant,,2017,18+,6.4/10,73/100,+ Rent or Buy,,Want To SeeSeen
11,,The Dry,,2021,18+,7.0/10,69/100,Rent or Buy,,Want To SeeSeen
12,,Murder Mystery,,2019,13+,6.0/10,73/100,,,Want To SeeSeen
13,,Spectre,,2015,13+,6.8/10,76/100,+ Rent or Buy,,Want To SeeSeen
14,,King Arthur: Legend of the Sword,,2017,13+,6.7/10,75/100,+ Rent or Buy,,Want To SeeSeen
15,,Brightburn,,2019,18+,6.1/10,69/100,+ Rent or Buy,,Want To SeeSeen
16,,The Fate of the Furious,,2017,13+,6.6/10,73/100,Rent or Buy,,Want To SeeSeen
17,,Crawl,,2019,18+,6.1/10,71/100,+ Rent or Buy,,Want To SeeSeen
18,,Get Out,,2017,18+,7.7/10,80/100,Rent or Buy,,Want To SeeSeen
19,,Spotlight,,2015,18+,8.1/10,82/100,+ Rent or Buy,,Want To SeeSeen
20,,The Ballad of Buster Scruggs,,2018,16+,7.3/10,89/100,,,Want To SeeSeen
21,,Danger Close,,2019,18+,6.8/10,67/100,+ Rent or Buy,,Want To SeeSeen
22,,Moana,,2016,7+,7.6/10,80/100,+ Rent or Buy,,Want To SeeSeen
23,,Bohemian Rhapsody,,2018,13+,7.9/10,82/100,Rent or Buy,,Want To SeeSeen
24,,Star Trek Beyond,,2016,13+,7.0/10,77/100,+ Rent or Buy,,Want To SeeSeen
25,,Saint Maud,,2019,18+,6.7/10,70/100,,,Want To SeeSeen
26,,Us,,2019,18+,6.8/10,75/100,Rent or Buy,,Want To SeeSeen
27,,To All the Boys: Always and Forever,,2021,N/A,6.3/10,64/100,,,Want To SeeSeen
28,,The Courier,,2020,13+,7.1/10,70/100,Rent or Buy,,Want To SeeSeen
29,,The Kissing Booth,,2018,16+,6.0/10,71/100,,,Want To SeeSeen
30,,Aladdin,,2019,7+,6.9/10,77/100,+ Rent or Buy,,Want To SeeSeen
31,,Nocturnal Animals,,2016,18+,7.5/10,78/100,+ Rent or Buy,,Want To SeeSeen
32,,Spontaneous,,2020,18+,6.5/10,67/100,+ Rent or Buy,,Want To SeeSeen
33,,Big Hero 6,,2014,7+,7.8/10,81/100,+ Rent or Buy,,Want To SeeSeen
34,,Passengers,,2016,13+,7.0/10,77/100,+ Rent or Buy,,Want To SeeSeen
35,,Fyre,,2019,18+,7.2/10,87/100,,,Want To SeeSeen
36,,The Girl on the Train,,2021,18+,4.4/10,58/100,,,Want To SeeSeen
37,,The Ritual,,2017,18+,6.3/10,81/100,,,Want To SeeSeen
38,,The Mole Agent,,2020,N/A,7.7/10,74/100,+ Rent or Buy,,Want To SeeSeen
39,,Gone Girl,,2014,18+,8.1/10,85/100,+ Rent or Buy,,Want To SeeSeen
40,,The Maze Runner,,2014,13+,6.8/10,75/100,Rent or Buy,,Want To SeeSeen
41,,The SpongeBob Movie: Sponge on the Run,,2020,7+,6.0/10,66/100,+ Rent or Buy,,Want To SeeSeen
42,,Sicario,,2015,18+,7.6/10,79/100,+ Rent or Buy,,Want To SeeSeen
43,,Pinocchio,,2019,13+,6.2/10,70/100,Rent or Buy,,Want To SeeSeen
44,,French Exit,,2021,18+,6.0/10,60/100,Rent or Buy,,Want To SeeSeen
45,,Creed II,,2018,13+,7.1/10,75/100,+ Rent or Buy,,Want To SeeSeen
46,,Sardar Ka Grandson,,2021,N/A,4.1/10,53/100,,,Want To SeeSeen
47,,Never Rarely Sometimes Always,,2020,13+,7.4/10,71/100,+ Rent or Buy,,Want To SeeSeen
48,,Jigsaw,,2017,18+,5.8/10,69/100,+ Rent or Buy,,Want To SeeSeen
49,,Seaspiracy,,2021,18+,8.2/10,67/100,,,Want To SeeSeen
0,,I See You,,2019,18+,6.8/10,72/100,+ Rent or Buy,,Want To SeeSeen
1,,Wolfwalkers,,2020,7+,8.1/10,75/100,,,Want To SeeSeen
2,,Ralph Breaks the Internet,,2018,7+,7.0/10,75/100,+ Rent or Buy,,Want To SeeSeen
3,,The Night Comes for Us,,2018,18+,7.0/10,84/100,,,Want To SeeSeen
4,,The Equalizer 2,,2018,18+,6.7/10,73/100,+ Rent or Buy,,Want To SeeSeen
5,,Her,,2013,18+,8.0/10,82/100,+ Rent or Buy,,Want To SeeSeen
6,,Portrait of a Lady on Fire,,2019,18+,8.1/10,77/100,+ Rent or Buy,,Want To SeeSeen
7,,Freaky,,2020,18+,6.3/10,68/100,Rent or Buy,,Want To SeeSeen
8,,Revenge,,2017,18+,6.4/10,69/100,+ Rent or Buy,,Want To SeeSeen
9,,Fighting With My Family,,2019,13+,7.1/10,73/100,+ Rent or Buy,,Want To SeeSeen
10,,Split,,2016,13+,7.3/10,77/100,Rent or Buy,,Want To SeeSeen
11,,Green Book,,2018,13+,8.2/10,80/100,Rent or Buy,,Want To SeeSeen
12,,Angel Has Fallen,,2019,18+,6.4/10,73/100,+ Rent or Buy,,Want To SeeSeen
13,,Dolemite Is My Name,,2019,18+,7.3/10,89/100,,,Want To SeeSeen
14,,Article 15,,2019,18+,8.2/10,89/100,,,Want To SeeSeen
15,,Frozen,,2013,7+,7.4/10,80/100,+ Rent or Buy,,Want To SeeSeen
16,,Divergent,,2014,13+,6.6/10,77/100,+ Rent or Buy,,Want To SeeSeen
17,,Fifty Shades of Grey,,2015,18+,4.1/10,65/100,+ Rent or Buy,,Want To SeeSeen
18,,Bombshell,,2019,18+,6.8/10,74/100,+ Rent or Buy,,Want To SeeSeen
19,,Zootopia,,2016,7+,8.0/10,82/100,+ Rent or Buy,,Want To SeeSeen
20,,Just Say Yes,,2021,N/A,4.5/10,54/100,,,Want To SeeSeen
21,,Mortal Engines,,2018,13+,6.1/10,69/100,+ Rent or Buy,,Want To SeeSeen
22,,Crimson Peak,,2015,18+,6.5/10,73/100,+ Rent or Buy,,Want To SeeSeen
23,,It Follows,,2015,18+,6.8/10,75/100,+ Rent or Buy,,Want To SeeSeen
24,,Annabelle: Creation,,2017,18+,6.5/10,73/100,+ Rent or Buy,,Want To SeeSeen
25,,Solo: A Star Wars Story,,2018,13+,6.9/10,77/100,+ Rent or Buy,,Want To SeeSeen
26,,Paper Lives,,2021,N/A,6.7/10,62/100,,,Want To SeeSeen
27,,The Lion King,,2019,7+,6.9/10,77/100,+ Rent or Buy,,Want To SeeSeen
28,,John Wick: Chapter 2,,2017,18+,7.5/10,79/100,Rent or Buy,,Want To SeeSeen
29,,Kingsman: The Golden Circle,,2017,18+,6.7/10,75/100,+ Rent or Buy,,Want To SeeSeen
30,,12 Years a Slave,,2013,18+,8.1/10,82/100,+ Rent or Buy,,Want To SeeSeen
31,,Uncut Gems,,2019,18+,7.4/10,78/100,+ Rent or Buy,,Want To SeeSeen
32,,The Nice Guys,,2016,18+,7.4/10,78/100,+ Rent or Buy,,Want To SeeSeen
33,,The Big Sick,,2017,18+,7.5/10,77/100,+ Rent or Buy,,Want To SeeSeen
34,,The Circle,,2017,13+,5.3/10,68/100,+ Rent or Buy,,Want To SeeSeen
35,,Barb and Star Go to Vista Del Mar,,2021,13+,6.4/10,68/100,Rent or Buy,,Want To SeeSeen
36,,Thunder Road,,2018,18+,7.1/10,86/100,+ Rent or Buy,,Want To SeeSeen
37,,The Farewell,,2019,7+,7.6/10,74/100,+ Rent or Buy,,Want To SeeSeen
38,,Abominable,,2019,7+,7.0/10,70/100,+ Rent or Buy,,Want To SeeSeen
39,,Ma Rainey's Black Bottom,,2020,18+,7.0/10,83/100,,,Want To SeeSeen
40,,Jungle,,2017,18+,6.7/10,72/100,+ Rent or Buy,,Want To SeeSeen
41,,Game Night,,2018,18+,6.9/10,76/100,+ Rent or Buy,,Want To SeeSeen
42,,The Rental,,2020,18+,5.7/10,65/100,+ Rent or Buy,,Want To SeeSeen
43,,The Mountain Between Us,,2017,13+,6.4/10,71/100,+ Rent or Buy,,Want To SeeSeen
44,,Rocketman,,2019,18+,7.3/10,77/100,+ Rent or Buy,,Want To SeeSeen
45,,The Hobbit: An Unexpected Journey,,2012,13+,7.8/10,82/100,+ Rent or Buy,,Want To SeeSeen
46,,Guns Akimbo,,2020,18+,6.3/10,69/100,+ Rent or Buy,,Want To SeeSeen
47,,Hustlers,,2019,18+,6.3/10,70/100,+ Rent or Buy,,Want To SeeSeen
48,,Yesterday,,2019,13+,6.8/10,73/100,+ Rent or Buy,,Want To SeeSeen
49,,Supernova,,2021,18+,6.7/10,65/100,+ Rent or Buy,,Want To SeeSeen
0,,Jumanji: Welcome to the Jungle,,2017,13+,6.9/10,76/100,Rent or Buy,,Want To SeeSeen
1,,Stree,,2018,7+,7.6/10,83/100,+ Rent or Buy,,Want To SeeSeen
2,,Mudbound,,2017,18+,7.4/10,88/100,,,Want To SeeSeen
3,,Miss Sloane,,2016,18+,7.5/10,75/100,+ Rent or Buy,,Want To SeeSeen
4,,Mirage,,2018,18+,7.4/10,72/100,,,Want To SeeSeen
5,,Cargo,,2017,N/A,6.3/10,80/100,,,Want To SeeSeen
6,,Trolls World Tour,,2020,7+,6.1/10,66/100,+ Rent or Buy,,Want To SeeSeen
7,,Voyagers,,2021,13+,5.4/10,63/100,Rent or Buy,,Want To SeeSeen
8,,Black Box,,2020,16+,6.2/10,60/100,,,Want To SeeSeen
9,,Togo,,2019,7+,8.0/10,75/100,,,Want To SeeSeen
10,,Annabelle Comes Home,,2019,18+,5.9/10,68/100,+ Rent or Buy,,Want To SeeSeen
11,,The Hateful Eight,,2015,18+,7.8/10,81/100,+ Rent or Buy,,Want To SeeSeen
12,,The Cloverfield Paradox,,2018,13+,5.5/10,68/100,,,Want To SeeSeen
13,,"Jim & Andy: The Great Beyond- Featuring a Very Special, Contractually Obligated Mention of Tony Clifton",,2017,18+,7.7/10,88/100,,,Want To SeeSeen
14,,Miss Peregrine's Home for Peculiar Children,,2016,13+,6.7/10,74/100,+ Rent or Buy,,Want To SeeSeen
15,,Willy's Wonderland,,2021,18+,5.6/10,64/100,Rent or Buy,,Want To SeeSeen
16,,Kiss the Ground,,2020,18+,8.3/10,85/100,,,Want To SeeSeen
17,,The Lost City of Z,,2017,13+,6.6/10,72/100,+ Rent or Buy,,Want To SeeSeen
18,,About Time,,2013,13+,7.8/10,80/100,+ Rent or Buy,,Want To SeeSeen
19,,Maleficent,,2014,7+,7.0/10,75/100,+ Rent or Buy,,Want To SeeSeen
20,,Lucy,,2014,18+,6.4/10,75/100,+ Rent or Buy,,Want To SeeSeen
21,,Big Time Adolescence,,2020,18+,7.0/10,81/100,,,Want To SeeSeen
22,,Robin Hood,,2018,13+,5.3/10,68/100,+ Rent or Buy,,Want To SeeSeen
23,,The Greatest Showman,,2017,7+,7.6/10,79/100,+ Rent or Buy,,Want To SeeSeen
24,,Glass,,2019,13+,6.6/10,66/100,Rent or Buy,,Want To SeeSeen
25,,13th,,2016,18+,8.2/10,92/100,,,Want To SeeSeen
26,,Manchester by the Sea,,2016,18+,7.8/10,78/100,+ Rent or Buy,,Want To SeeSeen
27,,Maze Runner: The Scorch Trials,,2015,13+,6.3/10,71/100,+ Rent or Buy,,Want To SeeSeen
28,,The Judge,,2014,18+,7.4/10,76/100,+ Rent or Buy,,Want To SeeSeen
29,,The Handmaiden,,2016,N/A,8.1/10,78/100,+ Rent or Buy,,Want To SeeSeen
30,,Tell Me Who I Am,,2019,18+,7.6/10,86/100,,,Want To SeeSeen
31,,The Age of Adaline,,2015,13+,7.2/10,77/100,+ Rent or Buy,,Want To SeeSeen
32,,Thelma,,2017,N/A,7.0/10,70/100,+ Rent or Buy,,Want To SeeSeen
33,,Hotel Transylvania 3: Summer Vacation,,2018,7+,6.3/10,70/100,+ Rent or Buy,,Want To SeeSeen
34,,Charlie's Angels,,2019,13+,4.8/10,65/100,+ Rent or Buy,,Want To SeeSeen
35,,Wreck-It Ralph,,2012,7+,7.7/10,79/100,+ Rent or Buy,,Want To SeeSeen
36,,Relic,,2020,18+,6.0/10,65/100,+ Rent or Buy,,Want To SeeSeen
37,,American Pie Presents: Girls' Rules,,2020,18+,3.8/10,59/100,+ Rent or Buy,,Want To SeeSeen
38,,P!nk: All I Know So Far,,2021,N/A,8.1/10,57/100,,,Want To SeeSeen
39,,The Last Thing He Wanted,,2020,18+,4.3/10,49/100,,,Want To SeeSeen
40,,Veronica,,2017,18+,6.2/10,79/100,,,Want To SeeSeen
41,,Argo,,2012,18+,7.7/10,81/100,+ Rent or Buy,,Want To SeeSeen
42,,The United States vs. Billie Holiday,,2021,18+,6.3/10,66/100,,,Want To SeeSeen
43,,Don't Listen,,2020,N/A,6.1/10,59/100,,,Want To SeeSeen
44,,Color Out of Space,,2020,18+,6.2/10,67/100,+ Rent or Buy,,Want To SeeSeen
45,,The Mauritanian,,2021,18+,7.4/10,71/100,Rent or Buy,,Want To SeeSeen
46,,Burning,,2018,N/A,7.5/10,74/100,+ Rent or Buy,,Want To SeeSeen
47,,Hunter Killer,,2018,18+,6.6/10,70/100,+ Rent or Buy,,Want To SeeSeen
48,,Ride or Die,,2021,18+,5.5/10,55/100,,,Want To SeeSeen
49,,Now You See Me 2,,2016,13+,6.5/10,74/100,+ Rent or Buy,,Want To SeeSeen
0,,Hillbilly Elegy,,2020,18+,6.7/10,76/100,,,Want To SeeSeen
1,,Extinction,,2018,18+,5.8/10,71/100,,,Want To SeeSeen
2,,Life,,2017,18+,6.6/10,73/100,+ Rent or Buy,,Want To SeeSeen
3,,Brittany Runs a Marathon,,2019,18+,6.8/10,82/100,,,Want To SeeSeen
4,,Kill Chain,,2020,18+,5.0/10,52/100,,,Want To SeeSeen
5,,1922,,2017,18+,6.3/10,80/100,,,Want To SeeSeen
6,,The Secret Life of Pets 2,,2019,7+,6.5/10,71/100,+ Rent or Buy,,Want To SeeSeen
7,,Logan Lucky,,2017,13+,7.0/10,74/100,+ Rent or Buy,,Want To SeeSeen
8,,The Hunger Games: Mockingjay - Part 1,,2014,13+,6.6/10,76/100,+ Rent or Buy,,Want To SeeSeen
9,,Come True,,2021,N/A,6.0/10,60/100,Rent or Buy,,Want To SeeSeen
10,,Molly's Game,,2017,18+,7.4/10,74/100,Rent or Buy,,Want To SeeSeen
11,,The Call of the Wild,,2020,7+,6.8/10,71/100,+ Rent or Buy,,Want To SeeSeen
12,,Hidden Figures,,2016,7+,7.8/10,80/100,+ Rent or Buy,,Want To SeeSeen
13,,The Babysitter,,2017,18+,6.3/10,79/100,,,Want To SeeSeen
14,,The Rhythm Section,,2020,18+,5.3/10,64/100,+ Rent or Buy,,Want To SeeSeen
15,,Beautiful Boy,,2018,18+,7.3/10,83/100,,,Want To SeeSeen
16,,The Hunt,,2012,18+,8.3/10,81/100,+ Rent or Buy,,Want To SeeSeen
17,,The Vigil,,2019,13+,5.7/10,64/100,+ Rent or Buy,,Want To SeeSeen
18,,Girl in the Basement,,2021,16+,6.3/10,66/100,+ Rent or Buy,,Want To SeeSeen
19,,The Killing of a Sacred Deer,,2017,18+,7.0/10,74/100,+ Rent or Buy,,Want To SeeSeen
20,,Finding Dory,,2016,7+,7.3/10,77/100,+ Rent or Buy,,Want To SeeSeen
21,,Snowpiercer,,2013,18+,7.1/10,78/100,+ Rent or Buy,,Want To SeeSeen
22,,Star Wars: The Force Awakens,,2015,13+,7.9/10,83/100,+ Rent or Buy,,Want To SeeSeen
23,,Hell or High Water,,2016,18+,7.6/10,78/100,+ Rent or Buy,,Want To SeeSeen
24,,Mile 22,,2018,18+,6.1/10,71/100,+ Rent or Buy,,Want To SeeSeen
25,,The Favourite,,2018,16+,7.5/10,74/100,Rent or Buy,,Want To SeeSeen
26,,Wander,,2020,18+,4.9/10,60/100,+ Rent or Buy,,Want To SeeSeen
27,,Secret Society of Second Born Royals,,2020,7+,4.8/10,60/100,,,Want To SeeSeen
28,,Pirates of the Caribbean: On Stranger Tides,,2011,13+,6.6/10,75/100,+ Rent or Buy,,Want To SeeSeen
29,,Wind River,,2017,18+,7.7/10,79/100,+ Rent or Buy,,Want To SeeSeen
30,,Mandy,,2018,18+,6.5/10,69/100,+ Rent or Buy,,Want To SeeSeen
31,,War Dogs,,2016,18+,7.1/10,76/100,+ Rent or Buy,,Want To SeeSeen
32,,Snowden,,2016,18+,7.3/10,75/100,+ Rent or Buy,,Want To SeeSeen
33,,Charm City Kings,,2020,18+,6.7/10,64/100,,,Want To SeeSeen
34,,Annihilation,,2018,18+,6.8/10,74/100,Rent or Buy,,Want To SeeSeen
35,,The Scorpion King: Book of Souls,,2018,13+,4.7/10,55/100,+ Rent or Buy,,Want To SeeSeen
36,,Men in Black: International,,2019,13+,5.6/10,69/100,+ Rent or Buy,,Want To SeeSeen
37,,The Life Ahead,,2020,13+,6.8/10,81/100,,,Want To SeeSeen
38,,War for the Planet of the Apes,,2017,13+,7.4/10,75/100,+ Rent or Buy,,Want To SeeSeen
39,,The Jungle Book,,2016,7+,7.4/10,77/100,+ Rent or Buy,,Want To SeeSeen
40,,The Secret Life of Walter Mitty,,2013,7+,7.3/10,77/100,+ Rent or Buy,,Want To SeeSeen
41,,Ted 2,,2015,18+,6.3/10,70/100,Rent or Buy,,Want To SeeSeen
42,,Good Time,,2017,18+,7.4/10,74/100,+ Rent or Buy,,Want To SeeSeen
43,,Secret Magic Control Agency,,2021,7+,6.2/10,61/100,,,Want To SeeSeen
44,,The Killing of Two Lovers,,2021,18+,7.0/10,60/100,Rent or Buy,,Want To SeeSeen
45,,Kingsman: The Secret Service,,2014,18+,7.7/10,81/100,+ Rent or Buy,,Want To SeeSeen
46,,Vanguard,,2020,13+,4.7/10,56/100,Rent or Buy,,Want To SeeSeen
47,,Five Feet Apart,,2019,13+,7.2/10,71/100,+ Rent or Buy,,Want To SeeSeen
48,,How to Train Your Dragon 2,,2014,7+,7.8/10,79/100,+ Rent or Buy,,Want To SeeSeen
49,,The Hunger Games: Mockingjay - Part 2,,2015,13+,6.6/10,74/100,+ Rent or Buy,,Want To SeeSeen
0,,The Croods,,2013,7+,7.2/10,76/100,+ Rent or Buy,,Want To SeeSeen
1,,Ad Astra,,2019,13+,6.5/10,72/100,+ Rent or Buy,,Want To SeeSeen
2,,The Informer,,2019,18+,6.6/10,69/100,+ Rent or Buy,,Want To SeeSeen
3,,The Belko Experiment,,2016,18+,6.1/10,70/100,+ Rent or Buy,,Want To SeeSeen
4,,Geostorm,,2017,13+,5.3/10,68/100,+ Rent or Buy,,Want To SeeSeen
5,,Gifted,,2017,13+,7.6/10,74/100,Rent or Buy,,Want To SeeSeen
6,,Chemical Hearts,,2020,18+,6.3/10,63/100,,,Want To SeeSeen
7,,Real Steel,,2011,13+,7.0/10,76/100,+ Rent or Buy,,Want To SeeSeen
8,,Drive,,2019,13+,3.5/10,48/100,,,Want To SeeSeen
9,,Disobedience,,2017,18+,6.6/10,68/100,+ Rent or Buy,,Want To SeeSeen
10,,Weathering with You,,2019,13+,7.5/10,71/100,+ Rent or Buy,,Want To SeeSeen
11,,Django Unchained,,2012,18+,8.4/10,85/100,+ Rent or Buy,,Want To SeeSeen
12,,Dora and the Lost City of Gold,,2019,7+,6.1/10,66/100,+ Rent or Buy,,Want To SeeSeen
13,,Creed,,2015,13+,7.6/10,78/100,+ Rent or Buy,,Want To SeeSeen
14,,Vice,,2018,18+,7.2/10,74/100,+ Rent or Buy,,Want To SeeSeen
15,,Project X,,2012,18+,6.6/10,74/100,+ Rent or Buy,,Want To SeeSeen
16,,Suspiria,,2018,18+,6.7/10,70/100,+ Rent or Buy,,Want To SeeSeen
17,,Trumbo,,2015,18+,7.5/10,74/100,+ Rent or Buy,,Want To SeeSeen
18,,Warrior,,2011,13+,8.1/10,81/100,+ Rent or Buy,,Want To SeeSeen
19,,Justice Society: World War II,,2021,13+,6.4/10,66/100,Rent or Buy,,Want To SeeSeen
20,,To All the Boys: P.S. I Still Love You,,2020,16+,6.0/10,65/100,,,Want To SeeSeen
21,,The Hobbit: The Desolation of Smaug,,2013,13+,7.8/10,81/100,+ Rent or Buy,,Want To SeeSeen
22,,Leave No Trace,,2018,7+,7.2/10,74/100,+ Rent or Buy,,Want To SeeSeen
23,,Host,,2020,16+,6.5/10,71/100,+ Rent or Buy,,Want To SeeSeen
24,,Moonlight,,2016,18+,7.4/10,78/100,+ Rent or Buy,,Want To SeeSeen
25,,The Disaster Artist,,2017,18+,7.4/10,75/100,+ Rent or Buy,,Want To SeeSeen
26,,Land,,2021,13+,6.6/10,64/100,Rent or Buy,,Want To SeeSeen
27,,Antebellum,,2020,18+,5.7/10,65/100,+ Rent or Buy,,Want To SeeSeen
28,,Death of Me,,2020,18+,4.4/10,57/100,+ Rent or Buy,,Want To SeeSeen
29,,Lion,,2016,13+,8.0/10,80/100,+ Rent or Buy,,Want To SeeSeen
30,,The Hustle,,2019,13+,5.4/10,66/100,+ Rent or Buy,,Want To SeeSeen
31,,On Body and Soul,,2017,N/A,7.6/10,85/100,,,Want To SeeSeen
32,,Richard Jewell,,2019,18+,7.5/10,72/100,+ Rent or Buy,,Want To SeeSeen
33,,Tag,,2018,18+,6.5/10,72/100,+ Rent or Buy,,Want To SeeSeen
34,,Gully Boy,,2019,N/A,8.0/10,87/100,,,Want To SeeSeen
35,,Central Intelligence,,2016,13+,6.3/10,72/100,+ Rent or Buy,,Want To SeeSeen
36,,Honey Boy,,2019,18+,7.3/10,86/100,,,Want To SeeSeen
37,,On the Rocks,,2020,18+,6.5/10,77/100,,,Want To SeeSeen
38,,The Last: Naruto the Movie,,2014,13+,7.6/10,70/100,+ Rent or Buy,,Want To SeeSeen
39,,A Silent Voice: The Movie,,2016,13+,8.2/10,75/100,+ Rent or Buy,,Want To SeeSeen
40,,Nymphomaniac: Vol. II,,2013,18+,6.7/10,72/100,+ Rent or Buy,,Want To SeeSeen
41,,Ammonite,,2020,18+,6.5/10,66/100,+ Rent or Buy,,Want To SeeSeen
42,,The Quake,,2018,13+,6.2/10,63/100,+ Rent or Buy,,Want To SeeSeen
43,,It Comes at Night,,2017,18+,6.2/10,69/100,+ Rent or Buy,,Want To SeeSeen
44,,Annabelle,,2014,18+,5.4/10,67/100,Rent or Buy,,Want To SeeSeen
45,,The Blackout,,2019,18+,6.1/10,63/100,+ Rent or Buy,,Want To SeeSeen
46,,Colossal,,2017,18+,6.2/10,69/100,+ Rent or Buy,,Want To SeeSeen
47,,The Theory of Everything,,2014,13+,7.7/10,80/100,+ Rent or Buy,,Want To SeeSeen
48,,Scary Stories to Tell in the Dark,,2019,13+,6.2/10,68/100,+ Rent or Buy,,Want To SeeSeen
49,,The Personal History of David Copperfield,,2019,7+,6.4/10,71/100,+ Rent or Buy,,Want To SeeSeen
0,,Ludo,,2020,13+,7.6/10,71/100,,,Want To SeeSeen
1,,Fifty Shades Freed,,2018,18+,4.5/10,62/100,Rent or Buy,,Want To SeeSeen
2,,The Curse of La Llorona,,2019,18+,5.3/10,63/100,+ Rent or Buy,,Want To SeeSeen
3,,Isle of Dogs,,2018,13+,7.9/10,77/100,+ Rent or Buy,,Want To SeeSeen
4,,Paranormal Activity,,2014,18+,6.3/10,69/100,+ Rent or Buy,,Want To SeeSeen
5,,The Zookeeper's Wife,,2017,13+,7.0/10,71/100,+ Rent or Buy,,Want To SeeSeen
6,,American Hustle,,2013,18+,7.2/10,76/100,+ Rent or Buy,,Want To SeeSeen
7,,"Love, Rosie",,2014,18+,7.2/10,74/100,+ Rent or Buy,,Want To SeeSeen
8,,The Help,,2011,13+,8.0/10,81/100,+ Rent or Buy,,Want To SeeSeen
9,,"Crazy, Stupid, Love.",,2011,13+,7.4/10,79/100,+ Rent or Buy,,Want To SeeSeen
10,,Spies in Disguise,,2019,7+,6.8/10,70/100,+ Rent or Buy,,Want To SeeSeen
11,,Moonrise Kingdom,,2012,13+,7.8/10,80/100,+ Rent or Buy,,Want To SeeSeen
12,,Monsters University,,2013,all,7.2/10,77/100,+ Rent or Buy,,Want To SeeSeen
13,,Inglourious Basterds,,2009,18+,8.3/10,84/100,+ Rent or Buy,,Want To SeeSeen
14,,Zombieland,,2009,18+,7.6/10,82/100,+ Rent or Buy,,Want To SeeSeen
15,,Sleepless,,2017,18+,5.6/10,67/100,+ Rent or Buy,,Want To SeeSeen
16,,In Time,,2011,13+,6.7/10,76/100,+ Rent or Buy,,Want To SeeSeen
17,,Line of Duty,,2019,18+,5.3/10,61/100,+ Rent or Buy,,Want To SeeSeen
18,,Wrong Turn,,2021,18+,5.4/10,63/100,Rent or Buy,,Want To SeeSeen
19,,Mission: Impossible - Rogue Nation,,2015,13+,7.4/10,76/100,Rent or Buy,,Want To SeeSeen
20,,The Amazing Spider-Man,,2012,13+,6.9/10,76/100,+ Rent or Buy,,Want To SeeSeen
21,,The War with Grandpa,,2020,7+,5.6/10,63/100,Rent or Buy,,Want To SeeSeen
22,,We're the Millers,,2013,18+,7.0/10,75/100,Rent or Buy,,Want To SeeSeen
23,,Hotel Mumbai,,2019,18+,7.6/10,73/100,+ Rent or Buy,,Want To SeeSeen
24,,The Meg,,2018,13+,5.6/10,69/100,Rent or Buy,,Want To SeeSeen
25,,Kick-Ass 2,,2013,18+,6.5/10,72/100,+ Rent or Buy,,Want To SeeSeen
26,,Animal World,,2018,18+,6.5/10,60/100,+ Rent or Buy,,Want To SeeSeen
27,,Insurgent,,2015,13+,6.2/10,72/100,+ Rent or Buy,,Want To SeeSeen
28,,Independence Day: Resurgence,,2016,13+,5.2/10,66/100,+ Rent or Buy,,Want To SeeSeen
29,,Star Wars Biomes,,2021,N/A,7.0/10,57/100,,,Want To SeeSeen
30,,Legend,,2015,18+,6.9/10,73/100,+ Rent or Buy,,Want To SeeSeen
31,,American Sniper,,2014,18+,7.3/10,77/100,+ Rent or Buy,,Want To SeeSeen
32,,The Guernsey Literary & Potato Peel Pie Society,,2018,16+,7.4/10,84/100,,,Want To SeeSeen
33,,Widows,,2018,18+,6.9/10,70/100,Rent or Buy,,Want To SeeSeen
34,,Fury,,2014,18+,7.5/10,78/100,Rent or Buy,,Want To SeeSeen
35,,Shot Caller,,2017,18+,7.3/10,72/100,+ Rent or Buy,,Want To SeeSeen
36,,Possessor Uncut,,2020,18+,6.5/10,68/100,+ Rent or Buy,,Want To SeeSeen
37,,The Social Network,,2010,13+,7.7/10,81/100,+ Rent or Buy,,Want To SeeSeen
38,,22 July,,2018,18+,6.8/10,80/100,,,Want To SeeSeen
39,,Crazy About Her,,2021,18+,6.6/10,59/100,,,Want To SeeSeen
40,,"Quo vadis, Aida?",,2021,N/A,7.8/10,70/100,+ Rent or Buy,,Want To SeeSeen
41,,Fantasy Island,,2020,13+,4.9/10,63/100,+ Rent or Buy,,Want To SeeSeen
42,,Instant Family,,2018,13+,7.3/10,76/100,+ Rent or Buy,,Want To SeeSeen
43,,99 Songs,,2021,N/A,7.7/10,59/100,,,Want To SeeSeen
44,,2067,,2020,16+,4.9/10,61/100,+ Rent or Buy,,Want To SeeSeen
45,,Tangled,,2010,7+,7.7/10,79/100,+ Rent or Buy,,Want To SeeSeen
46,,Self/less,,2015,13+,6.5/10,71/100,+ Rent or Buy,,Want To SeeSeen
47,,The King's Speech,,2010,18+,8.0/10,81/100,+ Rent or Buy,,Want To SeeSeen
48,,World War Z,,2013,13+,7.0/10,77/100,Rent or Buy,,Want To SeeSeen
49,,Songbird,,2020,13+,4.7/10,60/100,+ Rent or Buy,,Want To SeeSeen
0,,Happiest Season,,2020,13+,6.6/10,81/100,,,Want To SeeSeen
1,,Fruitvale Station,,2013,18+,7.5/10,90/100,+ Rent or Buy,,Want To SeeSeen
2,,"Three Billboards Outside Ebbing, Missouri",,2017,18+,8.1/10,80/100,+ Rent or Buy,,Want To SeeSeen
3,,Life of Pi,,2012,7+,7.9/10,81/100,+ Rent or Buy,,Want To SeeSeen
4,,Birdman or (The Unexpected Virtue of Ignorance),,2014,18+,7.7/10,78/100,Rent or Buy,,Want To SeeSeen
5,,Safe House,,2012,18+,6.7/10,73/100,+ Rent or Buy,,Want To SeeSeen
6,,Get the Grift,,2021,N/A,5.5/10,54/100,,,Want To SeeSeen
7,,Sorry to Bother You,,2018,18+,6.9/10,71/100,+ Rent or Buy,,Want To SeeSeen
8,,The Mortuary Collection,,2019,N/A,6.4/10,67/100,+ Rent or Buy,,Want To SeeSeen
9,,Ex Machina,,2015,18+,7.7/10,80/100,+ Rent or Buy,,Want To SeeSeen
10,,Free Solo,,2018,13+,8.2/10,75/100,+ Rent or Buy,,Want To SeeSeen
11,,The Founder,,2017,13+,7.2/10,75/100,+ Rent or Buy,,Want To SeeSeen
12,,Sabotage,,2014,18+,5.7/10,66/100,+ Rent or Buy,,Want To SeeSeen
13,,The Girl with the Dragon Tattoo,,2011,18+,7.8/10,80/100,+ Rent or Buy,,Want To SeeSeen
14,,The Legion,,2020,18+,3.1/10,51/100,+ Rent or Buy,,Want To SeeSeen
15,,No Escape,,2015,18+,6.8/10,70/100,+ Rent or Buy,,Want To SeeSeen
16,,10 Cloverfield Lane,,2016,13+,7.2/10,77/100,+ Rent or Buy,,Want To SeeSeen
17,,The World's End,,2013,18+,7.0/10,75/100,+ Rent or Buy,,Want To SeeSeen
18,,A Week Away,,2021,18+,5.7/10,59/100,,,Want To SeeSeen
19,,Braven,,2018,18+,5.9/10,79/100,+ Rent or Buy,,Want To SeeSeen
20,,Fast & Furious 6,,2013,13+,7.0/10,76/100,+ Rent or Buy,,Want To SeeSeen
21,,#Alive,,2020,N/A,6.3/10,63/100,,,Want To SeeSeen
22,,Flora & Ulysses,,2021,7+,6.3/10,62/100,,,Want To SeeSeen
23,,Time,,2020,13+,6.8/10,73/100,,,Want To SeeSeen
24,,Spiral,,2019,18+,5.5/10,60/100,+ Rent or Buy,,Want To SeeSeen
25,,Butchers,,2021,N/A,5.1/10,56/100,+ Rent or Buy,,Want To SeeSeen
26,,Moneyball,,2011,13+,7.6/10,78/100,+ Rent or Buy,,Want To SeeSeen
27,,Bill & Ted Face the Music,,2020,7+,6.0/10,67/100,+ Rent or Buy,,Want To SeeSeen
28,,The Florida Project,,2017,18+,7.6/10,74/100,+ Rent or Buy,,Want To SeeSeen
29,,Furious 7,,2015,13+,7.1/10,75/100,+ Rent or Buy,,Want To SeeSeen
30,,A Secret Love,,2020,18+,7.9/10,84/100,,,Want To SeeSeen
31,,American Factory,,2019,13+,7.4/10,84/100,,,Want To SeeSeen
32,,The Dead Don't Die,,2019,18+,5.5/10,66/100,+ Rent or Buy,,Want To SeeSeen
33,,Talvar,,2015,7+,8.2/10,86/100,+ Rent or Buy,,Want To SeeSeen
34,,The Death of Stalin,,2017,18+,7.2/10,72/100,+ Rent or Buy,,Want To SeeSeen
35,,The Kid Detective,,2020,18+,7.0/10,67/100,+ Rent or Buy,,Want To SeeSeen
36,,Rio,,2011,all,6.9/10,75/100,+ Rent or Buy,,Want To SeeSeen
37,,Aquaslash,,2019,N/A,4.2/10,53/100,+ Rent or Buy,,Want To SeeSeen
38,,American Assassin,,2017,18+,6.2/10,70/100,+ Rent or Buy,,Want To SeeSeen
39,,Pitch Perfect,,2012,13+,7.1/10,77/100,+ Rent or Buy,,Want To SeeSeen
40,,Searching,,2018,13+,7.6/10,75/100,+ Rent or Buy,,Want To SeeSeen
41,,Harry Potter and the Deathly Hallows: Part 2,,2011,13+,8.1/10,82/100,+ Rent or Buy,,Want To SeeSeen
42,,Fantastic Beasts and Where to Find Them,,2016,13+,7.3/10,77/100,+ Rent or Buy,,Want To SeeSeen
43,,The Kissing Booth 2,,2020,N/A,5.8/10,65/100,,,Want To SeeSeen
44,,Zero Dark Thirty,,2012,18+,7.4/10,77/100,+ Rent or Buy,,Want To SeeSeen
45,,You Should Have Left,,2020,18+,5.4/10,62/100,+ Rent or Buy,,Want To SeeSeen
46,,Polar,,2019,18+,6.3/10,72/100,,,Want To SeeSeen
47,,Tomorrowland,,2015,7+,6.4/10,71/100,+ Rent or Buy,,Want To SeeSeen
48,,You Were Never Really Here,,2017,18+,6.8/10,71/100,+ Rent or Buy,,Want To SeeSeen
49,,mother!,,2017,18+,6.6/10,72/100,+ Rent or Buy,,Want To SeeSeen
0,,Allied,,2016,18+,7.1/10,73/100,+ Rent or Buy,,Want To SeeSeen
1,,The 12th Man,,2017,N/A,7.4/10,69/100,+ Rent or Buy,,Want To SeeSeen
2,,12 Hour Shift,,2020,N/A,5.4/10,59/100,+ Rent or Buy,,Want To SeeSeen
3,,The Girl with All the Gifts,,2016,18+,6.6/10,69/100,+ Rent or Buy,,Want To SeeSeen
4,,Love,,2015,18+,6.1/10,65/100,Rent or Buy,,Want To SeeSeen
5,,Looper,,2012,18+,7.4/10,78/100,+ Rent or Buy,,Want To SeeSeen
6,,The Lego Movie 2: The Second Part,,2019,7+,6.6/10,69/100,+ Rent or Buy,,Want To SeeSeen
7,,Fantastic Four,,2015,13+,4.2/10,64/100,+ Rent or Buy,,Want To SeeSeen
8,,Fifty Shades Darker,,2017,18+,4.6/10,64/100,Rent or Buy,,Want To SeeSeen
9,,WALL·E,,2008,all,8.4/10,85/100,+ Rent or Buy,,Want To SeeSeen
10,,Kick-Ass,,2010,18+,7.6/10,79/100,+ Rent or Buy,,Want To SeeSeen
11,,Room,,2015,18+,8.1/10,80/100,+ Rent or Buy,,Want To SeeSeen
12,,Dallas Buyers Club,,2013,18+,8.0/10,79/100,+ Rent or Buy,,Want To SeeSeen
13,,Godzilla,,2014,13+,6.4/10,73/100,Rent or Buy,,Want To SeeSeen
14,,Freaks,,2019,18+,6.7/10,70/100,+ Rent or Buy,,Want To SeeSeen
15,,Les Misérables,,2019,18+,7.6/10,70/100,,,Want To SeeSeen
16,,300: Rise of an Empire,,2014,18+,6.2/10,72/100,+ Rent or Buy,,Want To SeeSeen
17,,Get the Goat,,2021,13+,6.3/10,57/100,,,Want To SeeSeen
18,,The Raid,,2012,18+,7.6/10,77/100,+ Rent or Buy,,Want To SeeSeen
19,,Pet Sematary,,2019,18+,5.7/10,66/100,+ Rent or Buy,,Want To SeeSeen
20,,Source Code,,2011,13+,7.5/10,78/100,+ Rent or Buy,,Want To SeeSeen
21,,How to Train Your Dragon: Homecoming,,2019,7+,7.4/10,66/100,+ Rent or Buy,,Want To SeeSeen
22,,Southpaw,,2015,18+,7.4/10,75/100,+ Rent or Buy,,Want To SeeSeen
23,,Jason Bourne,,2016,13+,6.6/10,73/100,Rent or Buy,,Want To SeeSeen
24,,Hunt for the Wilderpeople,,2016,13+,7.9/10,77/100,+ Rent or Buy,,Want To SeeSeen
25,,Dark Skies,,2013,16+,6.3/10,73/100,+ Rent or Buy,,Want To SeeSeen
26,,Shoplifters,,2018,18+,7.9/10,73/100,+ Rent or Buy,,Want To SeeSeen
27,,Bad Hair,,2021,N/A,5.6/10,61/100,,,Want To SeeSeen
28,,Hugo,,2011,7+,7.5/10,77/100,+ Rent or Buy,,Want To SeeSeen
29,,Into the Inferno,,2016,N/A,7.2/10,79/100,,,Want To SeeSeen
30,,Fatman,,2020,18+,5.9/10,65/100,+ Rent or Buy,,Want To SeeSeen
31,,This Is the End,,2013,18+,6.6/10,74/100,+ Rent or Buy,,Want To SeeSeen
32,,The Whole Truth,,2016,18+,6.2/10,68/100,+ Rent or Buy,,Want To SeeSeen
33,,Limitless,,2011,13+,7.4/10,78/100,+ Rent or Buy,,Want To SeeSeen
34,,The Town,,2010,18+,7.5/10,77/100,+ Rent or Buy,,Want To SeeSeen
35,,The Amazing Spider-Man 2,,2014,13+,6.6/10,74/100,+ Rent or Buy,,Want To SeeSeen
36,,Insidious,,2010,13+,6.8/10,75/100,+ Rent or Buy,,Want To SeeSeen
37,,The Map of Tiny Perfect Things,,2021,13+,6.8/10,67/100,,,Want To SeeSeen
38,,Intersect,,2020,18+,3.8/10,53/100,+ Rent or Buy,,Want To SeeSeen
39,,Rise of the Mummy,,2021,18+,2.8/10,44/100,,,Want To SeeSeen
40,,Justice League: The Flashpoint Paradox,,2013,13+,8.1/10,90/100,+ Rent or Buy,,Want To SeeSeen
41,,Unstoppable,,2010,13+,6.8/10,73/100,+ Rent or Buy,,Want To SeeSeen
42,,Jupiter Ascending,,2015,13+,5.3/10,68/100,+ Rent or Buy,,Want To SeeSeen
43,,First Reformed,,2018,16+,7.1/10,69/100,+ Rent or Buy,,Want To SeeSeen
44,,Straight Outta Compton,,2015,18+,7.8/10,76/100,+ Rent or Buy,,Want To SeeSeen
45,,The Wailing,,2016,18+,7.4/10,73/100,hiya+ Rent or Buy,,Want To SeeSeen
46,,The Boss Baby,,2017,7+,6.3/10,70/100,Rent or Buy,,Want To SeeSeen
47,,Lawless,,2012,18+,7.3/10,75/100,+ Rent or Buy,,Want To SeeSeen
48,,Sully,,2016,13+,7.4/10,76/100,+ Rent or Buy,,Want To SeeSeen
49,,Get In,,2019,18+,5.6/10,76/100,+ Rent or Buy,,Want To SeeSeen
0,,Battle of the Sexes,,2017,13+,6.7/10,69/100,+ Rent or Buy,,Want To SeeSeen
1,,I Spit on Your Grave 2,,2013,18+,5.7/10,67/100,+ Rent or Buy,,Want To SeeSeen
2,,Before the Flood,,2016,7+,8.2/10,71/100,+ Rent or Buy,,Want To SeeSeen
3,,Small Town Crime,,2018,18+,6.6/10,66/100,+ Rent or Buy,,Want To SeeSeen
4,,Mortal,,2020,18+,5.9/10,63/100,+ Rent or Buy,,Want To SeeSeen
5,,Spenser Confidential,,2020,18+,6.2/10,71/100,,,Want To SeeSeen
6,,The House That Jack Built,,2018,18+,6.8/10,70/100,+ Rent or Buy,,Want To SeeSeen
7,,The Secret Life of Pets,,2016,7+,6.5/10,72/100,+ Rent or Buy,,Want To SeeSeen
8,,The Postcard Killings,,2020,18+,5.7/10,61/100,+ Rent or Buy,,Want To SeeSeen
9,,Downton Abbey,,2019,7+,7.4/10,70/100,+ Rent or Buy,,Want To SeeSeen
10,,Endangered Species,,2021,18+,5.1/10,48/100,Rent or Buy,,Want To SeeSeen
11,,Toy Story 3,,2010,all,8.2/10,82/100,+ Rent or Buy,,Want To SeeSeen
12,,Private Life,,2018,18+,7.2/10,69/100,,,Want To SeeSeen
13,,I Lost My Body,,2019,18+,7.6/10,85/100,,,Want To SeeSeen
14,,The Shack,,2017,13+,6.3/10,69/100,+ Rent or Buy,,Want To SeeSeen
15,,Triple Frontier,,2019,18+,6.4/10,72/100,,,Want To SeeSeen
16,,The One I Love,,2014,18+,7.1/10,71/100,Rent or Buy,,Want To SeeSeen
17,,Fantastic Beasts: The Crimes of Grindelwald,,2018,13+,6.5/10,72/100,Rent or Buy,,Want To SeeSeen
18,,Hotel Artemis,,2018,18+,6.1/10,69/100,+ Rent or Buy,,Want To SeeSeen
19,,Knock Knock,,2015,18+,4.9/10,65/100,+ Rent or Buy,,Want To SeeSeen
20,,Batman: Death in the Family,,2020,18+,5.5/10,57/100,+ Rent or Buy,,Want To SeeSeen
21,,Isn't It Romantic,,2019,13+,5.9/10,64/100,+ Rent or Buy,,Want To SeeSeen
22,,Minding the Gap,,2018,18+,8.1/10,87/100,,,Want To SeeSeen
23,,Hachi: A Dog's Tale,,2009,all,8.1/10,79/100,+ Rent or Buy,,Want To SeeSeen
24,,The Endless Trench,,2019,N/A,7.2/10,79/100,,,Want To SeeSeen
25,,Prospect,,2018,18+,6.3/10,66/100,+ Rent or Buy,,Want To SeeSeen
26,,Knowing,,2009,13+,6.2/10,72/100,+ Rent or Buy,,Want To SeeSeen
27,,Underworld: Blood Wars,,2016,18+,5.8/10,67/100,+ Rent or Buy,,Want To SeeSeen
28,,T2 Trainspotting,,2017,18+,7.2/10,72/100,+ Rent or Buy,,Want To SeeSeen
29,,Transformers: The Last Knight,,2017,13+,5.2/10,68/100,+ Rent or Buy,,Want To SeeSeen
30,,Get Hard,,2015,18+,6.0/10,69/100,+ Rent or Buy,,Want To SeeSeen
31,,The Virtuoso,,2021,18+,4.9/10,59/100,Rent or Buy,,Want To SeeSeen
32,,Four Good Days,,2021,18+,6.3/10,59/100,Rent or Buy,,Want To SeeSeen
33,,Sing,,2016,7+,7.1/10,74/100,Rent or Buy,,Want To SeeSeen
34,,The Grand Budapest Hotel,,2014,18+,8.1/10,83/100,Rent or Buy,,Want To SeeSeen
35,,Bridge of Spies,,2015,13+,7.6/10,76/100,Rent or Buy,,Want To SeeSeen
36,,The One and Only Ivan,,2020,7+,6.6/10,67/100,,,Want To SeeSeen
37,,BlacKkKlansman,,2018,18+,7.5/10,76/100,Rent or Buy,,Want To SeeSeen
38,,Pain and Glory,,2019,18+,7.5/10,70/100,+ Rent or Buy,,Want To SeeSeen
39,,Despicable Me,,2010,7+,7.6/10,79/100,+ Rent or Buy,,Want To SeeSeen
40,,The Professor and the Madman,,2019,N/A,7.3/10,70/100,+ Rent or Buy,,Want To SeeSeen
41,,Cinema Bandi,,2021,all,8.2/10,62/100,,,Want To SeeSeen
42,,First Cow,,2020,13+,7.1/10,67/100,+ Rent or Buy,,Want To SeeSeen
43,,Warm Bodies,,2013,13+,6.8/10,74/100,+ Rent or Buy,,Want To SeeSeen
44,,Greta,,2019,18+,6.0/10,63/100,Rent or Buy,,Want To SeeSeen
45,,The Great Gatsby,,2013,13+,7.2/10,77/100,+ Rent or Buy,,Want To SeeSeen
46,,Dragonheart: Vengeance,,2020,13+,5.3/10,58/100,+ Rent or Buy,,Want To SeeSeen
47,,Les Misérables,,2012,13+,7.6/10,77/100,+ Rent or Buy,,Want To SeeSeen
48,,Motherless Brooklyn,,2019,18+,6.8/10,68/100,+ Rent or Buy,,Want To SeeSeen
49,,What We Do in the Shadows,,2014,18+,7.7/10,77/100,+ Rent or Buy,,Want To SeeSeen
0,,Lights Out,,2016,13+,6.3/10,71/100,+ Rent or Buy,,Want To SeeSeen
1,,Pitch Perfect 2,,2015,13+,6.4/10,71/100,Rent or Buy,,Want To SeeSeen
2,,Transcendence,,2014,13+,6.2/10,71/100,+ Rent or Buy,,Want To SeeSeen
3,,The Purge,,2013,18+,5.7/10,69/100,Rent or Buy,,Want To SeeSeen
4,,Tropic Thunder,,2008,18+,7.0/10,77/100,+ Rent or Buy,,Want To SeeSeen
5,,The Darkest Minds,,2018,13+,5.7/10,64/100,+ Rent or Buy,,Want To SeeSeen
6,,Thappad,,2020,N/A,6.8/10,81/100,,,Want To SeeSeen
7,,The Nest,,2020,18+,6.4/10,65/100,+ Rent or Buy,,Want To SeeSeen
8,,The Outpost,,2019,18+,6.8/10,68/100,+ Rent or Buy,,Want To SeeSeen
9,,Professor Marston and the Wonder Women,,2017,18+,7.1/10,68/100,+ Rent or Buy,,Want To SeeSeen
10,,Iron Mask,,2019,13+,4.7/10,58/100,+ Rent or Buy,,Want To SeeSeen
11,,The Empty Man,,2020,18+,6.1/10,64/100,Rent or Buy,,Want To SeeSeen
12,,Before I Wake,,2016,13+,6.2/10,75/100,+ Rent or Buy,,Want To SeeSeen
13,,Bridesmaids,,2011,18+,6.8/10,76/100,+ Rent or Buy,,Want To SeeSeen
14,,The Post,,2017,13+,7.2/10,72/100,+ Rent or Buy,,Want To SeeSeen
15,,Super 8,,2011,13+,7.0/10,76/100,+ Rent or Buy,,Want To SeeSeen
16,,The Perfection,,2018,18+,6.1/10,81/100,,,Want To SeeSeen
17,,Lady and the Tramp,,2019,7+,6.3/10,72/100,,,Want To SeeSeen
18,,Ingrid Goes West,,2017,18+,6.6/10,68/100,+ Rent or Buy,,Want To SeeSeen
19,,All the Bright Places,,2020,18+,6.5/10,66/100,,,Want To SeeSeen
20,,State of Play,,2009,13+,7.1/10,75/100,+ Rent or Buy,,Want To SeeSeen
21,,John Mulaney: Kid Gorgeous at Radio City,,2018,18+,8.0/10,86/100,,,Want To SeeSeen
22,,Bulbbul,,2020,18+,6.6/10,65/100,,,Want To SeeSeen
23,,A Score to Settle,,2019,N/A,4.7/10,56/100,+ Rent or Buy,,Want To SeeSeen
24,,The Lincoln Lawyer,,2011,18+,7.3/10,76/100,+ Rent or Buy,,Want To SeeSeen
25,,The Red Sea Diving Resort,,2019,18+,6.6/10,72/100,,,Want To SeeSeen
26,,A Beautiful Day in the Neighborhood,,2019,7+,7.3/10,72/100,+ Rent or Buy,,Want To SeeSeen
27,,Friends with Benefits,,2011,18+,6.5/10,75/100,+ Rent or Buy,,Want To SeeSeen
28,,The Kid Who Would Be King,,2019,7+,6.0/10,64/100,+ Rent or Buy,,Want To SeeSeen
29,,Anon,,2018,18+,6.1/10,70/100,,,Want To SeeSeen
30,,Above Suspicion,,2019,18+,5.6/10,56/100,Rent or Buy,,Want To SeeSeen
31,,Housebound,,2014,18+,6.8/10,83/100,+ Rent or Buy,,Want To SeeSeen
32,,Atomic Blonde,,2017,18+,6.7/10,72/100,Rent or Buy,,Want To SeeSeen
33,,Captain Fantastic,,2016,18+,7.9/10,79/100,+ Rent or Buy,,Want To SeeSeen
34,,Under the Silver Lake,,2018,18+,6.5/10,67/100,+ Rent or Buy,,Want To SeeSeen
35,,The 5th Wave,,2016,13+,5.2/10,67/100,+ Rent or Buy,,Want To SeeSeen
36,,The Meyerowitz Stories (New and Selected),,2017,18+,6.9/10,82/100,,,Want To SeeSeen
37,,Red Dawn,,2012,13+,5.4/10,67/100,+ Rent or Buy,,Want To SeeSeen
38,,Barbie & Chelsea the Lost Birthday,,2021,N/A,6.3/10,50/100,,,Want To SeeSeen
39,,The Dark Tower,,2017,13+,5.6/10,67/100,Rent or Buy,,Want To SeeSeen
40,,Sherlock Holmes: A Game of Shadows,,2011,13+,7.5/10,78/100,+ Rent or Buy,,Want To SeeSeen
41,,Star Trek Into Darkness,,2013,13+,7.7/10,78/100,Rent or Buy,,Want To SeeSeen
42,,Lincoln,,2012,13+,7.3/10,75/100,+ Rent or Buy,,Want To SeeSeen
43,,Into the Wild,,2007,18+,8.1/10,82/100,+ Rent or Buy,,Want To SeeSeen
44,,Bad Education,,2019,18+,7.1/10,70/100,+ Rent or Buy,,Want To SeeSeen
45,,Operation Varsity Blues: The College Admissions Scandal,,2021,18+,7.0/10,60/100,,,Want To SeeSeen
46,,Fallen,,2017,13+,5.4/10,61/100,+ Rent or Buy,,Want To SeeSeen
47,,Paddington,,2014,7+,7.2/10,74/100,+ Rent or Buy,,Want To SeeSeen
48,,Dog Gone Trouble,,2019,7+,6.0/10,53/100,,,Want To SeeSeen
49,,Happy as Lazzaro,,2018,13+,7.5/10,82/100,,,Want To SeeSeen
0,,The Wrong Missy,,2020,18+,5.7/10,69/100,,,Want To SeeSeen
1,,Pan's Labyrinth,,2006,18+,8.2/10,83/100,+ Rent or Buy,,Want To SeeSeen
2,,Green Zone,,2010,18+,6.8/10,74/100,+ Rent or Buy,,Want To SeeSeen
3,,Dredd,,2012,18+,7.1/10,76/100,+ Rent or Buy,,Want To SeeSeen
4,,Winter on Fire: Ukraine's Fight for Freedom,,2015,16+,8.4/10,86/100,,,Want To SeeSeen
5,,Coherence,,2013,7+,7.2/10,75/100,+ Rent or Buy,,Want To SeeSeen
6,,"Endings, Beginnings",,2020,N/A,5.7/10,58/100,+ Rent or Buy,,Want To SeeSeen
7,,The Neon Demon,,2016,18+,6.2/10,67/100,+ Rent or Buy,,Want To SeeSeen
8,,The Perks of Being a Wallflower,,2012,13+,8.0/10,80/100,+ Rent or Buy,,Want To SeeSeen
9,,Hacker,,2019,N/A,5.2/10,52/100,+ Rent or Buy,,Want To SeeSeen
10,,Captain Phillips,,2013,13+,7.8/10,79/100,+ Rent or Buy,,Want To SeeSeen
11,,Death Note,,2017,18+,4.4/10,61/100,,,Want To SeeSeen
12,,300,,2007,18+,7.6/10,81/100,+ Rent or Buy,,Want To SeeSeen
13,,13 Hours: The Secret Soldiers of Benghazi,,2016,18+,7.3/10,73/100,Rent or Buy,,Want To SeeSeen
14,,My Hero Academia: Two Heroes,,2018,13+,7.5/10,67/100,Rent or Buy,,Want To SeeSeen
15,,Kubo and the Two Strings,,2016,7+,7.8/10,74/100,Rent or Buy,,Want To SeeSeen
16,,The Expendables,,2010,18+,6.5/10,73/100,+ Rent or Buy,,Want To SeeSeen
17,,The Lego Movie,,2014,7+,7.7/10,78/100,+ Rent or Buy,,Want To SeeSeen
18,,The Visit,,2015,13+,6.2/10,68/100,+ Rent or Buy,,Want To SeeSeen
19,,Strain,,2021,N/A,4.7/10,45/100,,,Want To SeeSeen
20,,Pirates of the Caribbean: At World's End,,2007,13+,7.1/10,78/100,+ Rent or Buy,,Want To SeeSeen
21,,Dolittle,,2020,7+,5.6/10,67/100,+ Rent or Buy,,Want To SeeSeen
22,,The Bourne Legacy,,2012,13+,6.6/10,73/100,+ Rent or Buy,,Want To SeeSeen
23,,Eighth Grade,,2018,18+,7.4/10,72/100,+ Rent or Buy,,Want To SeeSeen
24,,Hold the Dark,,2018,N/A,5.6/10,76/100,,,Want To SeeSeen
25,,Blow the Man Down,,2019,18+,6.4/10,79/100,,,Want To SeeSeen
26,,The Equalizer,,2014,18+,7.2/10,77/100,+ Rent or Buy,,Want To SeeSeen
27,,The Human Voice,,2020,18+,6.9/10,63/100,,,Want To SeeSeen
28,,The Bourne Ultimatum,,2007,13+,8.0/10,81/100,+ Rent or Buy,,Want To SeeSeen
29,,The Mountain II,,2016,all,8.7/10,74/100,+ Rent or Buy,,Want To SeeSeen
30,,The Hate U Give,,2018,13+,7.5/10,70/100,+ Rent or Buy,,Want To SeeSeen
31,,The Artist,,2011,13+,7.9/10,77/100,+ Rent or Buy,,Want To SeeSeen
32,,Holidate,,2020,N/A,6.1/10,70/100,,,Want To SeeSeen
33,,Some Kind of Heaven,,2020,13+,7.3/10,67/100,+ Rent or Buy,,Want To SeeSeen
34,,Here Are the Young Men,,2021,N/A,5.0/10,51/100,Rent or Buy,,Want To SeeSeen
35,,Den of Thieves,,2018,18+,7.0/10,72/100,Rent or Buy,,Want To SeeSeen
36,,A Whisker Away,,2020,7+,6.7/10,79/100,,,Want To SeeSeen
37,,The Twilight Saga: Breaking Dawn - Part 2,,2012,13+,5.5/10,68/100,+ Rent or Buy,,Want To SeeSeen
38,,Finding 'Ohana,,2021,7+,6.1/10,63/100,,,Want To SeeSeen
39,,The Finest Hours,,2016,13+,6.8/10,70/100,+ Rent or Buy,,Want To SeeSeen
40,,Super Deluxe,,2019,18+,8.4/10,83/100,+ Rent or Buy,,Want To SeeSeen
41,,2012,,2009,13+,5.8/10,72/100,+ Rent or Buy,,Want To SeeSeen
42,,The Two Popes,,2019,13+,7.6/10,75/100,,,Want To SeeSeen
43,,Pirates of the Caribbean: Dead Man's Chest,,2006,13+,7.3/10,78/100,+ Rent or Buy,,Want To SeeSeen
44,,Extra Ordinary,,2019,18+,6.5/10,63/100,+ Rent or Buy,,Want To SeeSeen
45,,Batman Begins,,2005,13+,8.2/10,84/100,+ Rent or Buy,,Want To SeeSeen
46,,Jack Ryan: Shadow Recruit,,2014,13+,6.2/10,70/100,+ Rent or Buy,,Want To SeeSeen
47,,A Taxi Driver,,2017,N/A,7.9/10,69/100,+ Rent or Buy,,Want To SeeSeen
48,,The Magnificent Seven,,2016,13+,6.9/10,74/100,Rent or Buy,,Want To SeeSeen
49,,Inheritance,,2020,16+,5.5/10,59/100,+ Rent or Buy,,Want To SeeSeen
0,,No Country for Old Men,,2007,18+,8.1/10,83/100,+ Rent or Buy,,Want To SeeSeen
1,,The Strange House,,2020,18+,5.5/10,54/100,,,Want To SeeSeen
2,,Evil Dead,,2013,18+,6.5/10,70/100,+ Rent or Buy,,Want To SeeSeen
3,,The Dissident,,2020,13+,7.9/10,67/100,+ Rent or Buy,,Want To SeeSeen
4,,Neighbors,,2014,18+,6.3/10,72/100,+ Rent or Buy,,Want To SeeSeen
5,,Terminator Salvation,,2009,13+,6.5/10,72/100,+ Rent or Buy,,Want To SeeSeen
6,,What If,,2013,13+,6.8/10,70/100,+ Rent or Buy,,Want To SeeSeen
7,,Predestination,,2014,18+,7.5/10,76/100,Rent or Buy,,Want To SeeSeen
8,,Despicable Me 2,,2013,7+,7.3/10,77/100,+ Rent or Buy,,Want To SeeSeen
9,,The Cabin in the Woods,,2012,18+,7.0/10,76/100,+ Rent or Buy,,Want To SeeSeen
10,,Hush,,2016,18+,6.6/10,71/100,,,Want To SeeSeen
11,,Allegiant,,2016,13+,5.7/10,69/100,+ Rent or Buy,,Want To SeeSeen
12,,Nymphomaniac: Vol. I,,2013,18+,6.9/10,73/100,+ Rent or Buy,,Want To SeeSeen
13,,Icarus,,2017,18+,7.9/10,72/100,,,Want To SeeSeen
14,,Gravity,,2013,13+,7.7/10,79/100,Rent or Buy,,Want To SeeSeen
15,,The Craft: Legacy,,2020,13+,4.4/10,58/100,+ Rent or Buy,,Want To SeeSeen
16,,The Djinn,,2021,18+,4.7/10,57/100,Rent or Buy,,Want To SeeSeen
17,,The Hangover,,2009,18+,7.7/10,79/100,Rent or Buy,,Want To SeeSeen
18,,Kajillionaire,,2020,18+,6.5/10,64/100,Rent or Buy,,Want To SeeSeen
19,,Peter Rabbit,,2018,7+,6.6/10,67/100,+ Rent or Buy,,Want To SeeSeen
20,,Hotel Transylvania,,2012,7+,7.1/10,75/100,+ Rent or Buy,,Want To SeeSeen
21,,Under the Skin,,2014,16+,6.3/10,70/100,+ Rent or Buy,,Want To SeeSeen
22,,Black Bear,,2020,18+,6.6/10,64/100,Rent or Buy,,Want To SeeSeen
23,,Sam Smith: Love Goes - Live at Abbey Road Studios,,2021,N/A,6.9/10,48/100,,,Want To SeeSeen
24,,Pacific Rim,,2013,13+,6.9/10,76/100,Rent or Buy,,Want To SeeSeen
25,,Madagascar 3: Europe's Most Wanted,,2012,7+,6.8/10,73/100,+ Rent or Buy,,Want To SeeSeen
26,,The Impossible,,2012,13+,7.6/10,77/100,+ Rent or Buy,,Want To SeeSeen
27,,X-Men: First Class,,2011,13+,7.7/10,80/100,+ Rent or Buy,,Want To SeeSeen
28,,Hancock,,2008,13+,6.4/10,75/100,+ Rent or Buy,,Want To SeeSeen
29,,Flipped,,2010,7+,7.7/10,74/100,+ Rent or Buy,,Want To SeeSeen
30,,Harry Potter and the Goblet of Fire,,2005,13+,7.7/10,80/100,+ Rent or Buy,,Want To SeeSeen
31,,Our Towns,,2021,N/A,6.1/10,53/100,,,Want To SeeSeen
32,,Rango,,2011,7+,7.2/10,75/100,+ Rent or Buy,,Want To SeeSeen
33,,Dirty Grandpa,,2016,18+,5.9/10,67/100,+ Rent or Buy,,Want To SeeSeen
34,,The Lego Batman Movie,,2017,7+,7.3/10,74/100,+ Rent or Buy,,Want To SeeSeen
35,,Outlaw King,,2018,18+,6.9/10,68/100,,,Want To SeeSeen
36,,Trial by Fire,,2019,18+,7.0/10,64/100,+ Rent or Buy,,Want To SeeSeen
37,,There Will Be Blood,,2007,18+,8.2/10,81/100,+ Rent or Buy,,Want To SeeSeen
38,,Casino Royale,,2006,13+,8.0/10,82/100,+ Rent or Buy,,Want To SeeSeen
39,,Sausage Party,,2016,16+,6.1/10,70/100,+ Rent or Buy,,Want To SeeSeen
40,,An American Pickle,,2020,13+,5.7/10,72/100,,,Want To SeeSeen
41,,Watchmen,,2009,18+,7.6/10,80/100,+ Rent or Buy,,Want To SeeSeen
42,,Nayattu,,2021,18+,8.2/10,64/100,,,Want To SeeSeen
43,,Don Jon,,2013,18+,6.5/10,71/100,+ Rent or Buy,,Want To SeeSeen
44,,Little Fish,,2021,16+,6.9/10,63/100,+ Rent or Buy,,Want To SeeSeen
45,,Despicable Me 3,,2017,7+,6.3/10,70/100,+ Rent or Buy,,Want To SeeSeen
46,,Minions,,2015,7+,6.4/10,72/100,Rent or Buy,,Want To SeeSeen
47,,Tucker and Dale vs. Evil,,2010,18+,7.5/10,76/100,monswarr+ Rent or Buy,,Want To SeeSeen
48,,Cam,,2018,18+,5.9/10,62/100,,,Want To SeeSeen
49,,Pad Man,,2018,13+,7.9/10,83/100,,,Want To SeeSeen
0,,The Devil Wears Prada,,2006,13+,6.9/10,77/100,+ Rent or Buy,,Want To SeeSeen
1,,The Edge of Democracy,,2019,16+,7.2/10,80/100,,,Want To SeeSeen
2,,Cars 3,,2017,all,6.7/10,72/100,+ Rent or Buy,,Want To SeeSeen
3,,Clouds,,2020,13+,7.5/10,60/100,,,Want To SeeSeen
4,,We Can Be Heroes,,2020,7+,4.7/10,54/100,,,Want To SeeSeen
5,,Don't Breathe,,2016,18+,7.1/10,74/100,+ Rent or Buy,,Want To SeeSeen
6,,Enemy,,2013,18+,6.9/10,73/100,+ Rent or Buy,,Want To SeeSeen
7,,Rendez-Vous,,2015,13+,5.7/10,62/100,+ Rent or Buy,,Want To SeeSeen
8,,A Twelve-Year Night,,2018,18+,7.5/10,80/100,,,Want To SeeSeen
9,,Let the Right One In,,2008,18+,7.9/10,79/100,monswarr+ Rent or Buy,,Want To SeeSeen
10,,Superintelligence,,2020,7+,5.4/10,60/100,,,Want To SeeSeen
11,,The Book of Eli,,2010,18+,6.9/10,75/100,+ Rent or Buy,,Want To SeeSeen
12,,Prince of Persia: The Sands of Time,,2010,13+,6.6/10,71/100,+ Rent or Buy,,Want To SeeSeen
13,,Abraham Lincoln: Vampire Hunter,,2012,18+,5.9/10,69/100,+ Rent or Buy,,Want To SeeSeen
14,,Harry Potter and the Deathly Hallows: Part 1,,2010,13+,7.7/10,79/100,+ Rent or Buy,,Want To SeeSeen
15,,True Grit,,2010,13+,7.6/10,78/100,+ Rent or Buy,,Want To SeeSeen
16,,The Lodge,,2020,18+,6.1/10,67/100,+ Rent or Buy,,Want To SeeSeen
17,,The Call,,2020,N/A,7.1/10,64/100,,,Want To SeeSeen
18,,The Crazies,,2010,18+,6.5/10,72/100,+ Rent or Buy,,Want To SeeSeen
19,,The Lord of the Rings: The Return of the King,,2003,13+,8.9/10,87/100,+ Rent or Buy,,Want To SeeSeen
20,,Come to Daddy,,2020,18+,6.0/10,63/100,+ Rent or Buy,,Want To SeeSeen
21,,Only the Brave,,2017,13+,7.6/10,71/100,Rent or Buy,,Want To SeeSeen
22,,Carol,,2015,18+,7.2/10,73/100,+ Rent or Buy,,Want To SeeSeen
23,,The Fundamentals of Caring,,2016,18+,7.3/10,85/100,,,Want To SeeSeen
24,,Judy,,2019,13+,6.8/10,69/100,+ Rent or Buy,,Want To SeeSeen
25,,Fences,,2016,13+,7.2/10,72/100,Rent or Buy,,Want To SeeSeen
26,,The Angry Birds Movie,,2016,7+,6.3/10,68/100,+ Rent or Buy,,Want To SeeSeen
27,,Harry Potter and the Order of the Phoenix,,2007,13+,7.5/10,79/100,+ Rent or Buy,,Want To SeeSeen
28,,I'm Your Woman,,2020,18+,6.2/10,63/100,,,Want To SeeSeen
29,,Red Shoes And The Seven Dwarfs,,2019,7+,6.4/10,61/100,Rent or Buy,,Want To SeeSeen
30,,Dracula Untold,,2014,13+,6.3/10,69/100,+ Rent or Buy,,Want To SeeSeen
31,,Hotel Transylvania 2,,2015,7+,6.7/10,70/100,Rent or Buy,,Want To SeeSeen
32,,Trainwreck,,2015,18+,6.2/10,67/100,Rent or Buy,,Want To SeeSeen
33,,The Devil Has a Name,,2021,18+,5.4/10,52/100,+ Rent or Buy,,Want To SeeSeen
34,,Madame Claude,,2021,18+,5.4/10,57/100,,,Want To SeeSeen
35,,Just Mercy,,2019,13+,7.6/10,73/100,+ Rent or Buy,,Want To SeeSeen
36,,Rise of the Planet of the Apes,,2011,13+,7.5/10,77/100,Rent or Buy,,Want To SeeSeen
37,,The Kill Team,,2019,18+,5.9/10,60/100,+ Rent or Buy,,Want To SeeSeen
38,,Invader ZIM: Enter the Florpus,,2019,7+,7.5/10,82/100,,,Want To SeeSeen
39,,The Aeronauts,,2019,13+,6.6/10,69/100,,,Want To SeeSeen
40,,Clash of the Titans,,2010,13+,5.8/10,68/100,+ Rent or Buy,,Want To SeeSeen
41,,Chef,,2014,18+,7.3/10,75/100,+ Rent or Buy,,Want To SeeSeen
42,,Chick Fight,,2021,18+,4.6/10,54/100,+ Rent or Buy,,Want To SeeSeen
43,,Pandorum,,2009,18+,6.7/10,73/100,+ Rent or Buy,,Want To SeeSeen
44,,Seven Psychopaths,,2012,18+,7.2/10,74/100,+ Rent or Buy,,Want To SeeSeen
45,,Inferno,,2016,13+,6.2/10,70/100,+ Rent or Buy,,Want To SeeSeen
46,,Robot & Frank,,2012,13+,7.1/10,71/100,+ Rent or Buy,,Want To SeeSeen
47,,The Adventures of Tintin,,2011,7+,7.3/10,75/100,+ Rent or Buy,,Want To SeeSeen
48,,Pitch Perfect 3,,2017,13+,5.8/10,67/100,Rent or Buy,,Want To SeeSeen
49,,Ratatouille,,2007,all,8.0/10,82/100,+ Rent or Buy,,Want To SeeSeen
0,,Free State of Jones,,2016,18+,6.9/10,70/100,+ Rent or Buy,,Want To SeeSeen
1,,Jennifer's Body,,2009,18+,5.3/10,67/100,+ Rent or Buy,,Want To SeeSeen
2,,Alex Strangelove,,2018,18+,6.3/10,63/100,,,Want To SeeSeen
3,,The Da Vinci Code,,2006,13+,6.6/10,76/100,+ Rent or Buy,,Want To SeeSeen
4,,The Other Guys,,2010,13+,6.6/10,72/100,Rent or Buy,,Want To SeeSeen
5,,Primal,,2019,18+,4.9/10,59/100,+ Rent or Buy,,Want To SeeSeen
6,,Scooby-Doo! The Sword and the Scoob,,2021,N/A,6.3/10,51/100,Rent or Buy,,Want To SeeSeen
7,,Christopher Robin,,2018,7+,7.3/10,71/100,+ Rent or Buy,,Want To SeeSeen
8,,Happy Death Day,,2017,13+,6.6/10,70/100,+ Rent or Buy,,Want To SeeSeen
9,,Nocturne,,2020,N/A,5.7/10,57/100,,,Want To SeeSeen
10,,ARQ,,2016,18+,6.4/10,71/100,,,Want To SeeSeen
11,,Mary Queen of Scots,,2018,18+,6.3/10,66/100,+ Rent or Buy,,Want To SeeSeen
12,,The Upside,,2019,13+,7.0/10,73/100,+ Rent or Buy,,Want To SeeSeen
13,,A Simple Favor,,2018,18+,6.8/10,72/100,+ Rent or Buy,,Want To SeeSeen
14,,Seventh Son,,2015,13+,5.5/10,64/100,+ Rent or Buy,,Want To SeeSeen
15,,Calibre,,2018,18+,6.8/10,80/100,,,Want To SeeSeen
16,,Paddleton,,2019,18+,7.2/10,80/100,,,Want To SeeSeen
17,,Mamma Mia! Here We Go Again,,2018,13+,6.6/10,70/100,Rent or Buy,,Want To SeeSeen
18,,Ne Zha,,2019,N/A,7.5/10,68/100,+ Rent or Buy,,Want To SeeSeen
19,,I Saw the Devil,,2010,18+,7.8/10,76/100,+ Rent or Buy,,Want To SeeSeen
20,,"As Above, So Below",,2014,18+,6.2/10,69/100,+ Rent or Buy,,Want To SeeSeen
21,,Psych: The Movie,,2017,7+,7.5/10,84/100,,,Want To SeeSeen
22,,Uncle Tom,,2020,all,8.9/10,67/100,+ Rent or Buy,,Want To SeeSeen
23,,The Beguiled,,2017,18+,6.3/10,68/100,+ Rent or Buy,,Want To SeeSeen
24,,The Water Man,,2021,7+,4.9/10,53/100,Rent or Buy,,Want To SeeSeen
25,,Steve Jobs,,2015,18+,7.2/10,73/100,+ Rent or Buy,,Want To SeeSeen
26,,G.I. Joe: The Rise of Cobra,,2009,13+,5.8/10,70/100,+ Rent or Buy,,Want To SeeSeen
27,,Silver Linings Playbook,,2012,18+,7.7/10,79/100,+ Rent or Buy,,Want To SeeSeen
28,,The Dark and the Wicked,,2020,N/A,6.1/10,63/100,+ Rent or Buy,,Want To SeeSeen
29,,The Invitation,,2015,N/A,6.6/10,71/100,+ Rent or Buy,,Want To SeeSeen
30,,The Foreigner,,2017,18+,7.0/10,70/100,+ Rent or Buy,,Want To SeeSeen
31,,Evil Eye,,2020,N/A,4.7/10,62/100,,,Want To SeeSeen
32,,Plus One,,2019,N/A,6.6/10,62/100,+ Rent or Buy,,Want To SeeSeen
33,,The Last Full Measure,,2020,18+,6.8/10,66/100,+ Rent or Buy,,Want To SeeSeen
34,,One Cut of the Dead,,2017,N/A,7.7/10,68/100,+ Rent or Buy,,Want To SeeSeen
35,,Raazi,,2018,N/A,7.8/10,84/100,+ Rent or Buy,,Want To SeeSeen
36,,Children of Men,,2006,18+,7.9/10,80/100,+ Rent or Buy,,Want To SeeSeen
37,,Riddick,,2013,18+,6.4/10,68/100,Rent or Buy,,Want To SeeSeen
38,,Spectral,,2016,13+,6.3/10,77/100,,,Want To SeeSeen
39,,The Silencing,,2020,18+,6.2/10,64/100,+ Rent or Buy,,Want To SeeSeen
40,,American Animals,,2018,18+,7.0/10,71/100,+ Rent or Buy,,Want To SeeSeen
41,,Escape Room,,2017,18+,4.2/10,54/100,Rent or Buy,,Want To SeeSeen
42,,The Commune,,2016,18+,6.4/10,62/100,+ Rent or Buy,,Want To SeeSeen
43,,Evan Almighty,,2007,7+,5.4/10,66/100,+ Rent or Buy,,Want To SeeSeen
44,,Let Him Go,,2020,18+,6.7/10,66/100,Rent or Buy,,Want To SeeSeen
45,,The Endless,,2018,N/A,6.5/10,67/100,+ Rent or Buy,,Want To SeeSeen
46,,Georgetown,,2021,18+,5.9/10,58/100,Rent or Buy,,Want To SeeSeen
47,,Night at the Museum,,2006,7+,6.4/10,74/100,+ Rent or Buy,,Want To SeeSeen
48,,Searching for Sheela,,2021,13+,4.1/10,51/100,,,Want To SeeSeen
49,,Blinded by the Light,,2019,13+,6.9/10,64/100,+ Rent or Buy,,Want To SeeSeen
0,,Long Shot,,2019,18+,6.8/10,71/100,Rent or Buy,,Want To SeeSeen
1,,Robin Williams: Come Inside My Mind,,2018,18+,8.0/10,66/100,+ Rent or Buy,,Want To SeeSeen
2,,The Edge of Seventeen,,2016,18+,7.3/10,72/100,+ Rent or Buy,,Want To SeeSeen
3,,The Blackcoat's Daughter,,2017,18+,5.9/10,62/100,+ Rent or Buy,,Want To SeeSeen
4,,V for Vendetta,,2006,18+,8.1/10,83/100,+ Rent or Buy,,Want To SeeSeen
5,,Apocalypto,,2006,18+,7.8/10,79/100,+ Rent or Buy,,Want To SeeSeen
6,,Zack and Miri Make a Porno,,2008,18+,6.5/10,72/100,+ Rent or Buy,,Want To SeeSeen
7,,Little Monsters,,2019,18+,6.3/10,65/100,,,Want To SeeSeen
8,,Teenage Mutant Ninja Turtles,,2014,13+,5.8/10,68/100,+ Rent or Buy,,Want To SeeSeen
9,,Unfriended,,2015,18+,5.5/10,64/100,+ Rent or Buy,,Want To SeeSeen
10,,Thoroughbreds,,2018,18+,6.7/10,66/100,+ Rent or Buy,,Want To SeeSeen
11,,The Skin I Live In,,2011,18+,7.6/10,75/100,+ Rent or Buy,,Want To SeeSeen
12,,28 Weeks Later,,2007,18+,7.0/10,76/100,+ Rent or Buy,,Want To SeeSeen
13,,The Lovebirds,,2020,18+,6.1/10,74/100,,,Want To SeeSeen
14,,Brawl in Cell Block 99,,2017,N/A,7.1/10,69/100,+ Rent or Buy,,Want To SeeSeen
15,,Impractical Jokers: The Movie,,2020,13+,5.8/10,58/100,+ Rent or Buy,,Want To SeeSeen
16,,Quantum of Solace,,2008,13+,6.6/10,74/100,+ Rent or Buy,,Want To SeeSeen
17,,Framing Britney Spears,,2021,16+,6.9/10,62/100,,,Want To SeeSeen
18,,White Snake,,2019,all,7.0/10,58/100,Rent or Buy,,Want To SeeSeen
19,,Melancholia,,2011,18+,7.2/10,74/100,+ Rent or Buy,,Want To SeeSeen
20,,Paddington 2,,2017,7+,7.8/10,75/100,+ Rent or Buy,,Want To SeeSeen
21,,Late Night,,2019,18+,6.5/10,80/100,,,Want To SeeSeen
22,,In the Tall Grass,,2019,18+,5.4/10,63/100,,,Want To SeeSeen
23,,God's Own Country,,2017,N/A,7.7/10,71/100,+ Rent or Buy,,Want To SeeSeen
24,,Battleship,,2012,13+,5.8/10,69/100,+ Rent or Buy,,Want To SeeSeen
25,,The Miseducation of Cameron Post,,2018,N/A,6.6/10,64/100,+ Rent or Buy,,Want To SeeSeen
26,,Under the Shadow,,2016,13+,6.9/10,67/100,+ Rent or Buy,,Want To SeeSeen
27,,Law Abiding Citizen,,2009,18+,7.4/10,75/100,+ Rent or Buy,,Want To SeeSeen
28,,Halloween,,2018,18+,6.5/10,70/100,+ Rent or Buy,,Want To SeeSeen
29,,Margin Call,,2011,18+,7.1/10,72/100,+ Rent or Buy,,Want To SeeSeen
30,,How High 2,,2019,N/A,3.0/10,48/100,+ Rent or Buy,,Want To SeeSeen
31,,Locked Down,,2021,18+,5.2/10,61/100,,,Want To SeeSeen
32,,Black Swan,,2010,18+,8.0/10,79/100,Rent or Buy,,Want To SeeSeen
33,,Short Term 12,,2013,18+,8.0/10,75/100,+ Rent or Buy,,Want To SeeSeen
34,,100% Wolf,,2020,7+,5.7/10,60/100,+ Rent or Buy,,Want To SeeSeen
35,,Troll Hunter,,2010,13+,7.0/10,73/100,+ Rent or Buy,,Want To SeeSeen
36,,In Bruges,,2008,18+,7.9/10,78/100,+ Rent or Buy,,Want To SeeSeen
37,,Gretel & Hansel,,2020,13+,5.4/10,63/100,+ Rent or Buy,,Want To SeeSeen
38,,Fast & Furious,,2009,13+,6.6/10,75/100,+ Rent or Buy,,Want To SeeSeen
39,,Going Clear: Scientology and the Prison of Belief,,2015,N/A,8.0/10,71/100,+ Rent or Buy,,Want To SeeSeen
40,,Eternal Sunshine of the Spotless Mind,,2004,18+,8.3/10,84/100,+ Rent or Buy,,Want To SeeSeen
41,,Happy Death Day 2U,,2019,13+,6.2/10,66/100,Rent or Buy,,Want To SeeSeen
42,,Arkansas,,2020,18+,6.0/10,61/100,+ Rent or Buy,,Want To SeeSeen
43,,The Boy,,2016,13+,6.0/10,68/100,+ Rent or Buy,,Want To SeeSeen
44,,Pete's Dragon,,2016,7+,6.7/10,69/100,+ Rent or Buy,,Want To SeeSeen
45,,The Little Hours,,2017,18+,5.8/10,64/100,+ Rent or Buy,,Want To SeeSeen
46,,The Lobster,,2015,18+,7.2/10,73/100,+ Rent or Buy,,Want To SeeSeen
47,,Won't You Be My Neighbor?,,2018,13+,8.4/10,74/100,+ Rent or Buy,,Want To SeeSeen
48,,Paterson,,2016,18+,7.4/10,71/100,+ Rent or Buy,,Want To SeeSeen
49,,Percy Jackson & the Olympians: The Lightning Thief,,2010,7+,5.9/10,70/100,+ Rent or Buy,,Want To SeeSeen
0,,A Serbian Film,,2010,18+,5.0/10,60/100,Rent or Buy,,Want To SeeSeen
1,,IO,,2019,13+,4.7/10,57/100,,,Want To SeeSeen
2,,Into the Woods,,2014,7+,5.9/10,69/100,+ Rent or Buy,,Want To SeeSeen
3,,Tomb Raider,,2018,13+,6.3/10,70/100,+ Rent or Buy,,Want To SeeSeen
4,,San Andreas,,2015,13+,6.1/10,69/100,Rent or Buy,,Want To SeeSeen
5,,On the Basis of Sex,,2018,13+,7.1/10,67/100,Rent or Buy,,Want To SeeSeen
6,,The Night Eats the World,,2018,16+,6.0/10,63/100,+ Rent or Buy,,Want To SeeSeen
7,,Hot Fuzz,,2007,18+,7.8/10,80/100,+ Rent or Buy,,Want To SeeSeen
8,,The Guest,,2014,18+,6.7/10,71/100,+ Rent or Buy,,Want To SeeSeen
9,,The Road,,2009,18+,7.2/10,75/100,+ Rent or Buy,,Want To SeeSeen
10,,The Doorman,,2020,18+,4.5/10,54/100,Rent or Buy,,Want To SeeSeen
11,,The Place Beyond the Pines,,2013,18+,7.3/10,73/100,+ Rent or Buy,,Want To SeeSeen
12,,And Tomorrow the Entire World,,2020,N/A,6.0/10,56/100,,,Want To SeeSeen
13,,Guardians,,2017,18+,4.0/10,57/100,+ Rent or Buy,,Want To SeeSeen
14,,Marrowbone,,2017,18+,6.7/10,67/100,+ Rent or Buy,,Want To SeeSeen
15,,Noah,,2014,13+,5.7/10,67/100,+ Rent or Buy,,Want To SeeSeen
16,,Cloud Atlas,,2012,18+,7.4/10,76/100,+ Rent or Buy,,Want To SeeSeen
17,,The Purge: Election Year,,2016,18+,6.0/10,68/100,+ Rent or Buy,,Want To SeeSeen
18,,The Beach House,,2020,N/A,5.3/10,59/100,+ Rent or Buy,,Want To SeeSeen
19,,Green Room,,2016,18+,7.0/10,71/100,+ Rent or Buy,,Want To SeeSeen
20,,Ballerina,,2016,7+,6.8/10,68/100,+ Rent or Buy,,Want To SeeSeen
21,,The Incredible Hulk,,2008,13+,6.7/10,75/100,Rent or Buy,,Want To SeeSeen
22,,Waves,,2019,18+,7.6/10,68/100,+ Rent or Buy,,Want To SeeSeen
23,,Cars 2,,2011,all,6.1/10,71/100,+ Rent or Buy,,Want To SeeSeen
24,,The Blind Side,,2009,13+,7.6/10,77/100,+ Rent or Buy,,Want To SeeSeen
25,,Somewhere,,2010,18+,6.3/10,66/100,+ Rent or Buy,,Want To SeeSeen
26,,Ma,,2019,18+,5.6/10,64/100,Rent or Buy,,Want To SeeSeen
27,,Mechanic: Resurrection,,2016,18+,5.7/10,66/100,+ Rent or Buy,,Want To SeeSeen
28,,21 Jump Street,,2012,18+,7.2/10,77/100,Rent or Buy,,Want To SeeSeen
29,,Monos,,2019,18+,6.9/10,68/100,+ Rent or Buy,,Want To SeeSeen
30,,Paranormal Activity: The Marked Ones,,2014,18+,5.0/10,60/100,+ Rent or Buy,,Want To SeeSeen
31,,Jack Reacher,,2012,13+,7.0/10,74/100,+ Rent or Buy,,Want To SeeSeen
32,,Power Rangers,,2017,13+,5.9/10,68/100,+ Rent or Buy,,Want To SeeSeen
33,,Lone Survivor,,2013,18+,7.5/10,76/100,+ Rent or Buy,,Want To SeeSeen
34,,Drive,,2011,18+,7.8/10,79/100,Rent or Buy,,Want To SeeSeen
35,,The Pursuit of Happyness,,2006,13+,8.0/10,81/100,+ Rent or Buy,,Want To SeeSeen
36,,Super Me,,2021,N/A,5.8/10,54/100,,,Want To SeeSeen
37,,The Predator,,2018,18+,5.3/10,66/100,Rent or Buy,,Want To SeeSeen
38,,Teenage Mutant Ninja Turtles: Out of the Shadows,,2016,13+,6.0/10,66/100,+ Rent or Buy,,Want To SeeSeen
39,,Psycho Goreman,,2021,18+,6.2/10,64/100,+ Rent or Buy,,Want To SeeSeen
40,,Teen Titans: The Judas Contract,,2017,13+,7.0/10,64/100,+ Rent or Buy,,Want To SeeSeen
41,,The Good Dinosaur,,2015,7+,6.7/10,71/100,+ Rent or Buy,,Want To SeeSeen
42,,Spielberg,,2017,18+,7.7/10,65/100,+ Rent or Buy,,Want To SeeSeen
43,,The Man Who Sold His Skin,,2020,N/A,7.0/10,66/100,+ Rent or Buy,,Want To SeeSeen
44,,Overlord,,2018,18+,6.6/10,70/100,Rent or Buy,,Want To SeeSeen
45,,Victoria,,2015,N/A,7.6/10,74/100,+ Rent or Buy,,Want To SeeSeen
46,,The A-Team,,2010,13+,6.7/10,73/100,+ Rent or Buy,,Want To SeeSeen
47,,Brave,,2012,7+,7.1/10,77/100,+ Rent or Buy,,Want To SeeSeen
48,,Terminator Genisys,,2015,13+,6.3/10,71/100,Rent or Buy,,Want To SeeSeen
49,,John Carter,,2012,13+,6.6/10,72/100,+ Rent or Buy,,Want To SeeSeen
0,,Hitman: Agent 47,,2015,18+,5.7/10,66/100,+ Rent or Buy,,Want To SeeSeen
1,,The World to Come,,2020,18+,6.2/10,61/100,Rent or Buy,,Want To SeeSeen
2,,Megamind,,2010,7+,7.2/10,74/100,Rent or Buy,,Want To SeeSeen
3,,Timmy Failure: Mistakes Were Made,,2020,7+,6.1/10,71/100,,,Want To SeeSeen
4,,Horrible Bosses,,2011,18+,6.8/10,73/100,+ Rent or Buy,,Want To SeeSeen
5,,Moon,,2009,18+,7.9/10,80/100,+ Rent or Buy,,Want To SeeSeen
6,,Always Be My Maybe,,2019,13+,6.8/10,84/100,,,Want To SeeSeen
7,,The Devil Below,,2021,18+,4.3/10,52/100,+ Rent or Buy,,Want To SeeSeen
8,,Becky,,2020,18+,5.9/10,62/100,+ Rent or Buy,,Want To SeeSeen
9,,The Intern,,2015,13+,7.1/10,73/100,Rent or Buy,,Want To SeeSeen
10,,The Accountant,,2016,18+,7.3/10,76/100,+ Rent or Buy,,Want To SeeSeen
11,,Movie 43,,2013,18+,4.3/10,61/100,+ Rent or Buy,,Want To SeeSeen
12,,You're Next,,2011,18+,6.6/10,70/100,+ Rent or Buy,,Want To SeeSeen
13,,A Dark Place,,2019,N/A,6.2/10,69/100,+ Rent or Buy,,Want To SeeSeen
14,,House of the Witch,,2017,N/A,4.3/10,53/100,+ Rent or Buy,,Want To SeeSeen
15,,American Murder: The Family Next Door,,2020,18+,7.2/10,65/100,,,Want To SeeSeen
16,,The Thing About Harry,,2020,13+,7.0/10,81/100,+ Rent or Buy,,Want To SeeSeen
17,,Child's Play,,2019,18+,5.8/10,66/100,+ Rent or Buy,,Want To SeeSeen
18,,Oculus,,2014,18+,6.5/10,70/100,+ Rent or Buy,,Want To SeeSeen
19,,American Made,,2017,18+,7.2/10,73/100,+ Rent or Buy,,Want To SeeSeen
20,,The Interview,,2014,18+,6.5/10,72/100,+ Rent or Buy,,Want To SeeSeen
21,,Alice Through the Looking Glass,,2016,7+,6.2/10,69/100,+ Rent or Buy,,Want To SeeSeen
22,,The Assassin,,2015,N/A,6.3/10,63/100,hiya+ Rent or Buy,,Want To SeeSeen
23,,In Fabric,,2018,18+,6.2/10,61/100,+ Rent or Buy,,Want To SeeSeen
24,,Oldboy,,2003,18+,8.4/10,83/100,+ Rent or Buy,,Want To SeeSeen
25,,Death Proof,,2007,18+,7.0/10,75/100,+ Rent or Buy,,Want To SeeSeen
26,,The Soul,,2021,16+,6.7/10,59/100,,,Want To SeeSeen
27,,Phineas and Ferb The Movie: Candace Against the Universe,,2020,all,7.1/10,78/100,,,Want To SeeSeen
28,,They Shall Not Grow Old,,2018,18+,8.3/10,71/100,Rent or Buy,,Want To SeeSeen
29,,The Distinguished Citizen,,2016,N/A,7.5/10,83/100,,,Want To SeeSeen
30,,Man on Fire,,2004,18+,7.7/10,79/100,+ Rent or Buy,,Want To SeeSeen
31,,Rising Phoenix,,2020,13+,8.1/10,65/100,,,Want To SeeSeen
32,,The Guilty,,2018,18+,7.5/10,71/100,+ Rent or Buy,,Want To SeeSeen
33,,Apollo 11,,2019,all,8.2/10,70/100,Rent or Buy,,Want To SeeSeen
34,,Blue Valentine,,2010,18+,7.3/10,74/100,+ Rent or Buy,,Want To SeeSeen
35,,Crisis,,2021,18+,6.1/10,62/100,+ Rent or Buy,,Want To SeeSeen
36,,Perfect Nanny,,2019,N/A,5.9/10,43/100,,,Want To SeeSeen
37,,August: Osage County,,2013,18+,7.2/10,72/100,+ Rent or Buy,,Want To SeeSeen
38,,Beauty and the Beast,,2017,7+,7.1/10,77/100,+ Rent or Buy,,Want To SeeSeen
39,,Between Worlds,,2018,18+,4.0/10,53/100,+ Rent or Buy,,Want To SeeSeen
40,,21 Bridges,,2019,18+,6.6/10,70/100,+ Rent or Buy,,Want To SeeSeen
41,,Star Wars: Episode III - Revenge of the Sith,,2005,13+,7.5/10,80/100,+ Rent or Buy,,Want To SeeSeen
42,,Special 26,,2013,N/A,8.0/10,84/100,+ Rent or Buy,,Want To SeeSeen
43,,Project Power,,2020,18+,6.0/10,68/100,,,Want To SeeSeen
44,,Elysium,,2013,18+,6.6/10,73/100,+ Rent or Buy,,Want To SeeSeen
45,,Unsane,,2018,18+,6.4/10,67/100,+ Rent or Buy,,Want To SeeSeen
46,,Every Breath You Take,,2021,18+,5.2/10,49/100,Rent or Buy,,Want To SeeSeen
47,,Tinker Tailor Soldier Spy,,2011,18+,7.1/10,73/100,+ Rent or Buy,,Want To SeeSeen
48,,The Fear of 13,,2015,16+,7.6/10,83/100,+ Rent or Buy,,Want To SeeSeen
49,,Goodnight Mommy,,2014,18+,6.7/10,70/100,+ Rent or Buy,,Want To SeeSeen
0,,The Box,,2021,N/A,9.6/10,61/100,,,Want To SeeSeen
1,,I Spit on Your Grave,,2010,18+,6.3/10,70/100,+ Rent or Buy,,Want To SeeSeen
2,,Red Carpet,,2021,18+,4.1/10,50/100,+ Rent or Buy,,Want To SeeSeen
3,,Murder on the Orient Express,,2017,13+,6.5/10,72/100,Rent or Buy,,Want To SeeSeen
4,,Dead Man Down,,2013,18+,6.5/10,70/100,+ Rent or Buy,,Want To SeeSeen
5,,The Boy from Medellín,,2020,18+,5.8/10,52/100,,,Want To SeeSeen
6,,London Has Fallen,,2016,18+,5.9/10,69/100,Rent or Buy,,Want To SeeSeen
7,,The Purge: Anarchy,,2014,18+,6.4/10,69/100,Rent or Buy,,Want To SeeSeen
8,,Finding Nemo,,2003,all,8.1/10,84/100,+ Rent or Buy,,Want To SeeSeen
9,,Fear of Rain,,2021,13+,5.9/10,59/100,Rent or Buy,,Want To SeeSeen
10,,The Infiltrator,,2016,18+,7.0/10,71/100,+ Rent or Buy,,Want To SeeSeen
11,,The Expendables 3,,2014,13+,6.1/10,69/100,+ Rent or Buy,,Want To SeeSeen
12,,At Eternity's Gate,,2018,13+,6.9/10,69/100,+ Rent or Buy,,Want To SeeSeen
13,,Mirai,,2018,7+,7.0/10,64/100,+ Rent or Buy,,Want To SeeSeen
14,,mid90s,,2018,18+,7.4/10,71/100,+ Rent or Buy,,Want To SeeSeen
15,,The Grandmaster,,2013,13+,6.6/10,65/100,+ Rent or Buy,,Want To SeeSeen
16,,We Need to Talk About Kevin,,2011,18+,7.5/10,75/100,+ Rent or Buy,,Want To SeeSeen
17,,If Beale Street Could Talk,,2018,18+,7.1/10,69/100,+ Rent or Buy,,Want To SeeSeen
18,,Nerve,,2016,13+,6.5/10,69/100,Rent or Buy,,Want To SeeSeen
19,,Together Together,,2021,18+,6.5/10,62/100,Rent or Buy,,Want To SeeSeen
20,,Unknown,,2011,13+,6.8/10,72/100,+ Rent or Buy,,Want To SeeSeen
21,,Flavors of Youth,,2018,13+,6.6/10,74/100,,,Want To SeeSeen
22,,The Day After Tomorrow,,2004,13+,6.4/10,75/100,+ Rent or Buy,,Want To SeeSeen
23,,A Ghost Story,,2017,18+,6.9/10,69/100,+ Rent or Buy,,Want To SeeSeen
24,,Circus of Books,,2019,N/A,7.1/10,78/100,,,Want To SeeSeen
25,,Zodiac,,2007,18+,7.7/10,79/100,+ Rent or Buy,,Want To SeeSeen
26,,Downsizing,,2017,18+,5.7/10,64/100,Rent or Buy,,Want To SeeSeen
27,,Framing John DeLorean,,2019,N/A,6.4/10,61/100,+ Rent or Buy,,Want To SeeSeen
28,,Rambo,,2008,18+,7.0/10,72/100,+ Rent or Buy,,Want To SeeSeen
29,,Horns,,2013,18+,6.5/10,70/100,+ Rent or Buy,,Want To SeeSeen
30,,Burn After Reading,,2008,16+,7.0/10,74/100,+ Rent or Buy,,Want To SeeSeen
31,,Ip Man 4: The Finale,,2019,16+,7.0/10,70/100,+ Rent or Buy,,Want To SeeSeen
32,,Sniper: Ultimate Kill,,2017,18+,5.6/10,56/100,+ Rent or Buy,,Want To SeeSeen
33,,Earth and Blood,,2020,18+,4.9/10,47/100,,,Want To SeeSeen
34,,The Descent,,2006,18+,7.2/10,76/100,+ Rent or Buy,,Want To SeeSeen
35,,Wild Mountain Thyme,,2020,13+,5.6/10,62/100,+ Rent or Buy,,Want To SeeSeen
36,,Collateral Beauty,,2016,13+,6.8/10,69/100,+ Rent or Buy,,Want To SeeSeen
37,,Come Play,,2020,13+,5.7/10,69/100,Rent or Buy,,Want To SeeSeen
38,,Virunga,,2014,16+,8.2/10,87/100,,,Want To SeeSeen
39,,Adventures of Rufus: The Fantastic Pet,,2021,7+,4.2/10,52/100,+ Rent or Buy,,Want To SeeSeen
40,,Loving Vincent,,2017,13+,7.8/10,71/100,+ Rent or Buy,,Want To SeeSeen
41,,The Boy Who Harnessed the Wind,,2019,7+,7.6/10,85/100,,,Want To SeeSeen
42,,Valley Girl,,2020,13+,5.5/10,57/100,+ Rent or Buy,,Want To SeeSeen
43,,The Happening,,2008,18+,5.0/10,67/100,+ Rent or Buy,,Want To SeeSeen
44,,All the Money in the World,,2017,18+,6.8/10,69/100,Rent or Buy,,Want To SeeSeen
45,,The Autopsy of Jane Doe,,2016,18+,6.8/10,69/100,Rent or Buy,,Want To SeeSeen
46,,Star Trek,,2009,13+,7.9/10,80/100,Rent or Buy,,Want To SeeSeen
47,,Adam Sandler: 100% Fresh,,2018,18+,7.6/10,79/100,,,Want To SeeSeen
48,,First They Killed My Father,,2017,18+,7.2/10,65/100,,,Want To SeeSeen
49,,Cars,,2006,all,7.1/10,77/100,+ Rent or Buy,,Want To SeeSeen
0,,Saw,,2004,18+,7.6/10,79/100,+ Rent or Buy,,Want To SeeSeen
1,,Lucky Number Slevin,,2006,18+,7.7/10,78/100,+ Rent or Buy,,Want To SeeSeen
2,,The White Helmets,,2016,16+,7.5/10,82/100,,,Want To SeeSeen
3,,Storks,,2016,7+,6.8/10,70/100,+ Rent or Buy,,Want To SeeSeen
4,,42,,2013,13+,7.5/10,73/100,+ Rent or Buy,,Want To SeeSeen
5,,Creep,,2014,18+,6.3/10,66/100,+ Rent or Buy,,Want To SeeSeen
6,,Eddie the Eagle,,2016,13+,7.4/10,71/100,+ Rent or Buy,,Want To SeeSeen
7,,Bad Times at the El Royale,,2018,18+,7.1/10,72/100,+ Rent or Buy,,Want To SeeSeen
8,,Olympus Has Fallen,,2013,18+,6.5/10,73/100,+ Rent or Buy,,Want To SeeSeen
9,,Cats,,2019,7+,2.8/10,54/100,+ Rent or Buy,,Want To SeeSeen
10,,"Love, Antosha",,2019,18+,8.1/10,59/100,+ Rent or Buy,,Want To SeeSeen
11,,Alpha,,2018,13+,6.7/10,67/100,+ Rent or Buy,,Want To SeeSeen
12,,Contagion,,2011,13+,6.7/10,74/100,+ Rent or Buy,,Want To SeeSeen
13,,In the Heart of the Sea,,2015,13+,6.9/10,70/100,+ Rent or Buy,,Want To SeeSeen
14,,Books of Blood,,2020,18+,5.6/10,59/100,,,Want To SeeSeen
15,,Batman and Harley Quinn,,2017,13+,5.9/10,61/100,+ Rent or Buy,,Want To SeeSeen
16,,Shaun of the Dead,,2004,18+,7.9/10,81/100,+ Rent or Buy,,Want To SeeSeen
17,,The Perfect Date,,2019,16+,5.8/10,69/100,,,Want To SeeSeen
18,,Long Day's Journey Into Night,,2018,N/A,7.2/10,60/100,+ Rent or Buy,,Want To SeeSeen
19,,Kung Fu Panda 3,,2016,7+,7.1/10,72/100,Rent or Buy,,Want To SeeSeen
20,,Beyond Skyline,,2017,18+,5.3/10,62/100,+ Rent or Buy,,Want To SeeSeen
21,,The Host,,2006,18+,7.1/10,72/100,monswarr+ Rent or Buy,,Want To SeeSeen
22,,Sweeney Todd: The Demon Barber of Fleet Street,,2007,18+,7.3/10,76/100,+ Rent or Buy,,Want To SeeSeen
23,,Surge,,2020,N/A,6.2/10,49/100,+ Rent or Buy,,Want To SeeSeen
24,,Given,,2020,N/A,7.9/10,56/100,,,Want To SeeSeen
25,,Beach Rats,,2017,18+,6.4/10,62/100,+ Rent or Buy,,Want To SeeSeen
26,,Sucker Punch,,2011,13+,6.0/10,70/100,+ Rent or Buy,,Want To SeeSeen
27,,The Proposal,,2009,13+,6.7/10,73/100,+ Rent or Buy,,Want To SeeSeen
28,,Gone Baby Gone,,2007,18+,7.6/10,76/100,+ Rent or Buy,,Want To SeeSeen
29,,Taken 2,,2012,13+,6.3/10,69/100,+ Rent or Buy,,Want To SeeSeen
30,,Percy Jackson: Sea of Monsters,,2013,7+,5.8/10,67/100,+ Rent or Buy,,Want To SeeSeen
31,,A Most Wanted Man,,2014,18+,6.8/10,68/100,+ Rent or Buy,,Want To SeeSeen
32,,The Seventh Day,,2021,18+,4.4/10,52/100,+ Rent or Buy,,Want To SeeSeen
33,,The Best of Me,,2014,13+,6.7/10,68/100,+ Rent or Buy,,Want To SeeSeen
34,,Resident Evil: Retribution,,2012,18+,5.4/10,68/100,+ Rent or Buy,,Want To SeeSeen
35,,In Our Mothers' Gardens,,2021,N/A,8.8/10,54/100,,,Want To SeeSeen
36,,Naruto Shippuden the Movie: Road to Ninja,,2012,13+,7.7/10,69/100,+ Rent or Buy,,Want To SeeSeen
37,,Andhadhun,,2018,N/A,8.2/10,77/100,,,Want To SeeSeen
