Title,Year,Rating,IMDB Score,Reelgood Rating Score,Available On,url_offset_value
Two Black Men A Week,2016,N/A,N/A,N/A,+ Rent or Buy,70000
Fandom,2015,N/A,N/A,N/A,Rent or Buy,70000
The Wars of the Roses: A Bloody Crown,2011,N/A,N/A,N/A,Rent or Buy,70000
The Breathers-In,2002,N/A,N/A,N/A,,70000
Mystic Morning,2011,N/A,N/A,N/A,,70000
The Artist's Studio: Jean Dubuffet,1973,N/A,N/A,N/A,,70000
Getting to Know William Steig,2018,N/A,N/A,N/A,+ Rent or Buy,70000
The Accordion Kings,2010,N/A,N/A,N/A,smit,70000
Pretty Wise,2012,N/A,N/A,N/A,+ Rent or Buy,70000
Pioneering The American Frontier,2015,N/A,N/A,N/A,,70000
Paahtomahksikimii,2011,N/A,N/A,N/A,,70000
Zoo Squad 2,2019,N/A,N/A,N/A,,70000
Unbreakable: A Story of Hope and Healing in Haiti,2014,N/A,N/A,N/A,Rent or Buy,70000
Tiger 131: Revisited,2014,N/A,N/A,N/A,+ Rent or Buy,70000
Papal Broken-Dance,2008,N/A,N/A,N/A,,70000
Where is Hitler? A Hot Trail During the Cold War,2010,N/A,N/A,N/A,,70000
Shania Twain: Empowerment,2016,N/A,N/A,N/A,+ Rent or Buy,70000
The 2011 General Tire Mint 400,2011,N/A,N/A,N/A,,70000
Well of Dreams: The Journey of Anne Okelo,2012,N/A,N/A,N/A,Rent or Buy,70000
"Evening Waterfalls, 8 hours for sleep and meditation ultra dark",2016,N/A,N/A,N/A,,70000
The Rise & Fall Of T-Rex,2015,N/A,N/A,N/A,,70000
From Philadelphia to Fallujah,2011,N/A,N/A,N/A,Rent or Buy,70000
Growing Native Oklahoma: Red People,2018,N/A,N/A,N/A,,70000
Chicken Stew 3: Bad Hens,2019,N/A,N/A,N/A,,70000
Scrap,2011,N/A,N/A,N/A,+ Rent or Buy,70000
TurboDojo - Absinthe Films,2017,N/A,N/A,N/A,+ Rent or Buy,70000
Life Is A Banquet - The Rosalind Russell Story,1970,N/A,N/A,N/A,Rent or Buy,70000
Involuntary Conversion,1991,N/A,N/A,N/A,,70000
Screaming Plants on the Alp Wizard Walk,2008,N/A,N/A,N/A,,70000
Golden Showdown (Español),2005,N/A,N/A,N/A,,70000
Obra en juego,2012,N/A,N/A,N/A,,70000
Fluchkes,2011,N/A,N/A,N/A,+ Rent or Buy,70000
Who are the Chinese?,2014,N/A,N/A,N/A,Rent or Buy,70000
Germany's Wild Wolves - As They Really Are,2019,N/A,N/A,N/A,+ Rent or Buy,70000
Decision '80,2003,N/A,N/A,N/A,,70000
Sojourns,2013,N/A,N/A,N/A,Rent or Buy,70000
Muhammad Ali: Life of a Legend,2017,N/A,N/A,N/A,+ Rent or Buy,70000
The Big 3,2020,N/A,N/A,N/A,+ Rent or Buy,70000
Model Railways: How to Build a Model Railway,2004,N/A,N/A,N/A,Rent or Buy,70000
Crocodiles: Caring Killers,2015,N/A,N/A,N/A,+ Rent or Buy,70000
The Sante Fe Trail,2007,N/A,N/A,N/A,Rent or Buy,70000
Technology of War: Air Power,2016,N/A,N/A,N/A,+ Rent or Buy,70000
Amazing Trains,2017,N/A,N/A,N/A,+ Rent or Buy,70000
The Thursday Club,2005,N/A,N/A,N/A,,70000
Modern Warfare: The Falklands War,2003,N/A,N/A,N/A,+ Rent or Buy,70000
Motion,2017,N/A,N/A,N/A,,70000
and none better than an old man,2014,N/A,N/A,N/A,,70000
Sound Asleep,2014,N/A,N/A,N/A,,70000
Element: Morning and Evening Yoga,2014,N/A,N/A,N/A,befi+ Rent or Buy,70000
Meltdown: Analyzing the Radiation Leaks,2014,N/A,N/A,N/A,,70000
"Oddbods - Fun, Fun & Funnier",2020,N/A,N/A,N/A,+ Rent or Buy,70050
"Planes, Cranes and Rockets",2014,N/A,N/A,N/A,smit,70050
Remote Viewing,2008,N/A,N/A,N/A,,70050
Smile Walked,2012,N/A,N/A,N/A,Rent or Buy,70050
Blank. The Movie,2015,7+,N/A,N/A,,70050
American Tiger,2011,N/A,N/A,N/A,+ Rent or Buy,70050
The Impassive Muse,2011,N/A,N/A,N/A,+ Rent or Buy,70050
Garden Wild!,2015,7+,N/A,N/A,,70050
Frankenstein: Rise Of A Monster,2019,N/A,N/A,N/A,cont,70050
The Mystery of Egypt: Tranquil World - Relaxation With Music & Nature,2002,N/A,N/A,N/A,+ Rent or Buy,70050
The Human Torpedoes Of WWII,2014,N/A,N/A,N/A,+ Rent or Buy,70050
Chicken Stew 4: Bad Chickens,2019,N/A,N/A,N/A,,70050
Homicide In Kennewick,2015,N/A,N/A,N/A,+ Rent or Buy,70050
Wow Moments,2014,N/A,N/A,N/A,Rent or Buy,70050
509 Films: Volume 9,2014,N/A,N/A,N/A,+ Rent or Buy,70050
Max Gimblett: Original Mind,2017,N/A,N/A,N/A,,70050
40 Under 40,2013,7+,N/A,N/A,smit+ Rent or Buy,70050
Even More Walking,2010,N/A,N/A,N/A,Rent or Buy,70050
Legacy of the Spirits,1985,N/A,N/A,N/A,+ Rent or Buy,70050
"Noa, Noa",2006,N/A,N/A,N/A,,70050
Odonata,2011,N/A,N/A,N/A,,70050
The Blind Video,2009,N/A,N/A,N/A,Rent or Buy,70050
Broken Dream,2011,N/A,N/A,N/A,,70050
All Damn Day,2013,N/A,N/A,N/A,+ Rent or Buy,70050
Falls Cabin,2013,N/A,N/A,N/A,Rent or Buy,70050
Tiny Miracles,2001,N/A,N/A,N/A,Rent or Buy,70050
Jaguarland,2015,N/A,N/A,N/A,+ Rent or Buy,70050
String/Home in Time for a Treat,2010,N/A,N/A,N/A,,70050
The Hands that Shaped Me,2015,N/A,N/A,N/A,,70050
Sans Supervision,2006,N/A,N/A,N/A,,70050
At the Museum,1989,N/A,N/A,N/A,,70050
el güero,2001,N/A,N/A,N/A,,70050
The Haircut,2007,N/A,N/A,N/A,,70050
The Art of Baroque Dance: Folies D'espagne from Page to Stage,2011,N/A,N/A,N/A,Rent or Buy,70050
'Til the Clouds Roll By,2007,N/A,N/A,N/A,,70050
Kindred Moon Paranormal Sallie's House,2014,N/A,N/A,N/A,Rent or Buy,70050
Happy Hour Part 2,2016,N/A,N/A,N/A,Rent or Buy,70050
It Doesn't Matter,2012,N/A,N/A,N/A,,70050
Night of The Extraterrestrials,1986,N/A,N/A,N/A,Rent or Buy,70050
Another Picture,2007,N/A,N/A,N/A,,70050
The Wallisch Project,2013,all,N/A,N/A,+ Rent or Buy,70050
Red Bull District Ride Nuremberg 2011,2012,N/A,N/A,N/A,Rent or Buy,70050
Super 4: Gunpowder Island Adventures,2017,N/A,N/A,N/A,Rent or Buy,70050
Cape Breton,2011,N/A,N/A,N/A,,70050
PORT NOIR,2015,N/A,N/A,N/A,,70050
Duluth is Horrible,2013,N/A,N/A,N/A,,70050
Hibana,2012,N/A,N/A,N/A,Rent or Buy,70050
Calgary Cowboy Stampede,1949,N/A,N/A,N/A,,70050
In de Tropische Zee,1914,N/A,N/A,N/A,,70050
Belize,2014,7+,N/A,N/A,Rent or Buy,70050
The Power of Zero,2018,7+,N/A,N/A,Rent or Buy,70100
The Remandee,2020,N/A,N/A,N/A,Rent or Buy,70100
The Killer in My Backyard,2021,N/A,6.9/10,N/A,,70100
Unmeasured Prelude for Kerry Laitala,1992,N/A,N/A,N/A,,70100
Cyan Eye,2015,N/A,N/A,N/A,,70100
Levinsky Park,2018,N/A,N/A,N/A,Rent or Buy,70100
Coronavirus: Prophecy Plague,2020,N/A,N/A,N/A,Rent or Buy,70100
Portrait of Sharon,1960,N/A,N/A,N/A,,70100
Ancient Amazon,1999,N/A,N/A,N/A,Rent or Buy,70100
40/4000,2007,N/A,N/A,N/A,,70100
Walked,2010,N/A,N/A,N/A,Rent or Buy,70100
Box of Beauty,2018,N/A,N/A,N/A,,70100
Cinema Study,2003,N/A,N/A,N/A,,70100
"American Values, American Wilderness",2004,N/A,N/A,N/A,,70100
Reflexology: Awakening the Foot's Reflex Point to Bring Health & Well-Being - A Day at the Spa Collection,2004,N/A,N/A,N/A,+ Rent or Buy,70100
Standards of Perfection,2012,N/A,N/A,N/A,,70100
Mkomazi: Return of the Rhino,1999,7+,N/A,N/A,xive+ Rent or Buy,70100
Christmas Cartoons: 14 Christmas Cartoon Classics - 2 Hours of Holiday Favorites,2016,N/A,N/A,N/A,,70100
Doris' Garden,1994,N/A,N/A,N/A,,70100
Big Wata,2018,13+,N/A,N/A,Rent or Buy,70100
Green and Blue Lovers,2012,N/A,N/A,N/A,,70100
Challenger Disaster,2018,N/A,N/A,N/A,,70100
The Team,2017,N/A,N/A,N/A,+ Rent or Buy,70100
Nile Perch,2013,N/A,N/A,N/A,,70100
Forest of Crocodiles,2009,7+,N/A,N/A,Rent or Buy,70100
The Tempest,2019,N/A,N/A,N/A,Rent or Buy,70100
The Proving Grounds,2013,N/A,N/A,N/A,Rent or Buy,70100
Johnny Thunders: Madrid Memory,2019,N/A,N/A,N/A,,70100
Charles Dickens: David Copperfield - An Animated Classic,2013,N/A,N/A,N/A,+ Rent or Buy,70100
Polar Bear Summer,2015,N/A,N/A,N/A,smit,70100
Then Came the Yawn,1932,N/A,N/A,N/A,,70100
Five Days in New York - Gay Pride on the Hudson River,2014,N/A,5.2/10,N/A,,70100
The Apoplectic Walrus,2015,N/A,N/A,N/A,,70100
Haiti's Treasures: Out of the Rubble,2012,N/A,N/A,N/A,smit,70100
The Amazing Adventure of Marchello the Cat,2017,N/A,N/A,N/A,+ Rent or Buy,70100
Million Dollar Views,2016,N/A,N/A,N/A,+ Rent or Buy,70100
The Hard Ride: Black Cowboys at the Circle 6 Ranch,1996,N/A,N/A,N/A,,70100
Best of Severe Offroad,2013,N/A,N/A,N/A,,70100
Hawaiian Surf Stories,2005,N/A,N/A,N/A,Rent or Buy,70100
Lady Cheetah,2013,N/A,N/A,N/A,Rent or Buy,70100
Baboon King,2017,N/A,N/A,N/A,smit,70100
The Two Faces of Miami,2010,N/A,N/A,N/A,Rent or Buy,70100
Noble Sissle's Syncopated Ragtime,2018,N/A,N/A,N/A,,70100
Her Majesty The Queen Mother 1900-2002,2002,N/A,N/A,N/A,+ Rent or Buy,70100
La cueva de los secretos,2008,N/A,N/A,N/A,,70100
Singapore's Field of Dreams,2014,N/A,N/A,N/A,,70100
My Revolutionary Mother,2013,N/A,N/A,N/A,Rent or Buy,70100
David Hockney's Diaries,1970,N/A,N/A,N/A,,70100
Sesame Street: Learning Rocks,2014,all,N/A,N/A,Rent or Buy,70100
Joe,2018,N/A,N/A,N/A,+ Rent or Buy,70100
Panic In Year Zero,2005,N/A,N/A,N/A,Rent or Buy,70150
Ride United,2016,N/A,N/A,N/A,,70150
Kale and Kale,2007,N/A,N/A,N/A,,70150
Cruising the Mediterranean,1933,N/A,N/A,N/A,Rent or Buy,70150
Desert Movie,2007,N/A,N/A,N/A,,70150
"Ladyboys, Another Landscape",2017,N/A,N/A,N/A,,70150
Unique 8,2012,N/A,N/A,N/A,,70150
Underground Breakdance: Part 2,2019,N/A,N/A,N/A,Rent or Buy,70150
German WWII Firearms,2018,N/A,N/A,N/A,Rent or Buy,70150
Nature Cat: Backyard Explorer,2020,N/A,N/A,N/A,,70150
Dinosaur Cold Case,2020,N/A,N/A,N/A,+ Rent or Buy,70150
The Green Standard,2016,N/A,N/A,N/A,,70150
Faith Under Fire,2015,N/A,N/A,N/A,+ Rent or Buy,70150
Saturday in Hollywood CaliFlorida,2019,N/A,N/A,N/A,Rent or Buy,70150
Transition,2013,N/A,N/A,N/A,+ Rent or Buy,70150
The Hitler Conspiracies,2008,7+,N/A,N/A,,70150
Eric Fischl: The Process of Painting,2012,N/A,N/A,N/A,,70150
A Final Wish,2002,N/A,N/A,N/A,Rent or Buy,70150
I Got Rhythm: The Science of Song,2016,N/A,N/A,N/A,+ Rent or Buy,70150
Technology of War: The Future of War,2015,N/A,N/A,N/A,,70150
Absolute Mexico,2009,N/A,N/A,N/A,,70150
Two Angry Moms,2007,all,N/A,N/A,Rent or Buy,70150
Freedom March,1963,N/A,N/A,N/A,,70150
"Boy You a Fool, Vol. 1",2015,N/A,N/A,N/A,,70150
Picturing the President: George Washington,2009,N/A,N/A,N/A,smit,70150
All That Jazz: From New Orleans to New York,2018,N/A,N/A,N/A,,70150
The Snake Sultan,2012,N/A,N/A,N/A,,70150
Twilight: Alpha Males,2013,N/A,N/A,N/A,+ Rent or Buy,70150
Napoleon: A Dealer in Hope,2006,N/A,N/A,N/A,+ Rent or Buy,70150
Military Aircraft of the 20th Century: Fighter Aircraft - WWI,2018,N/A,N/A,N/A,Rent or Buy,70150
509 Films: Volume 11,2016,N/A,N/A,N/A,+ Rent or Buy,70150
The Thief of Baghdad: An Animated Classic,2014,N/A,N/A,N/A,+ Rent or Buy,70150
Believe: The Barack Obama Story,2008,N/A,N/A,N/A,,70150
A Marvelous Power: Honoring You,2011,N/A,N/A,N/A,,70150
History Made Now: Wheels of Fortune,2013,N/A,N/A,N/A,Rent or Buy,70150
Over New England,1991,N/A,N/A,N/A,Rent or Buy,70150
Post Truth Times: We The Media,2017,N/A,N/A,N/A,+ Rent or Buy,70150
John Lennon: Hard to Imagine,2017,N/A,N/A,N/A,+ Rent or Buy,70150
Accidental Confessions,1987,N/A,N/A,N/A,,70150
Pondemonium 8: Buzzed 2,2019,N/A,N/A,N/A,,70150
How Do Dinosaurs Get Well Soon?,2005,N/A,N/A,N/A,,70150
The Young Sea,2018,N/A,N/A,N/A,Rent or Buy,70150
Little Pim: Feelings - Spanish for Kids,2012,N/A,N/A,N/A,+ Rent or Buy,70150
Truth Never Lies,2018,N/A,N/A,N/A,Rent or Buy,70150
"Sesame Street: Bye-Bye, Pacifier! Big Kid Stories with Elmo",2011,all,N/A,N/A,Rent or Buy,70150
A Passion for Sustainability,2008,all,N/A,N/A,Rent or Buy,70150
Michael Tilson Thomas: The Thomashefskys,2012,N/A,N/A,N/A,docu+ Rent or Buy,70150
Dancetime New Dance Group Gala,1993,N/A,N/A,N/A,+ Rent or Buy,70150
Poisoned Lives: Secrets of the Chemical Industry,2016,N/A,N/A,N/A,+ Rent or Buy,70150
Jim Florentine: I'm Your Savior,2016,N/A,N/A,N/A,+ Rent or Buy,70150
In the Month of Kislev,1994,N/A,N/A,N/A,,70200
Vivos Adentro (Sub Esp),2014,N/A,N/A,N/A,,70200
Bread and Dripping,1982,N/A,N/A,N/A,,70200
Hippo Ganglands,2014,N/A,N/A,N/A,smit,70200
Holy Relics: The Quest,2015,N/A,N/A,N/A,+ Rent or Buy,70200
180 grados,2010,N/A,N/A,N/A,+ Rent or Buy,70200
America's Choir: The Story of the Mormon Tabernacle Choir,2004,N/A,N/A,N/A,,70200
Aftershock,2018,N/A,N/A,N/A,cont+ Rent or Buy,70200
God's Comic,2012,N/A,N/A,N/A,+ Rent or Buy,70200
Is Sugar the New Fat?,2014,N/A,N/A,N/A,spac+ Rent or Buy,70200
Naked Opera,2013,N/A,N/A,N/A,Rent or Buy,70200
Thunderstruck 14,2015,N/A,N/A,N/A,,70200
The Rolling Stones: Rock Royalty,2018,N/A,N/A,N/A,+ Rent or Buy,70200
Vintage Steam Trains: Great British Steam,2015,N/A,N/A,N/A,+ Rent or Buy,70200
Aviation: The Limited Sky,2009,N/A,N/A,N/A,,70200
Robinson Crusoe's Treasure Island,2011,N/A,N/A,N/A,xive+ Rent or Buy,70200
Fourcast 2,2012,N/A,N/A,N/A,,70200
Four Questions for a Rabbi,2008,N/A,N/A,N/A,,70200
Squidlings Around the World,2019,N/A,N/A,N/A,+ Rent or Buy,70200
"Steve Brown: Yeah, I Talk Like This",2015,N/A,N/A,N/A,+ Rent or Buy,70200
The Scribe,2018,N/A,N/A,N/A,,70200
Ben Cropp's Snake Island,2014,N/A,N/A,N/A,,70200
Stay Awhile,2014,N/A,7.4/10,N/A,+ Rent or Buy,70200
ASMR Massage Guided Meditation For Sleep,2018,N/A,N/A,N/A,Rent or Buy,70200
Roy Lichtenstein,1975,N/A,N/A,N/A,,70200
Hercules,2014,N/A,N/A,N/A,,70200
Jiri Kylian: Forgotten Memories,2011,N/A,N/A,N/A,+ Rent or Buy,70200
Cursive II,2006,N/A,N/A,N/A,+ Rent or Buy,70200
Gimme a Faith,2018,N/A,N/A,N/A,,70200
Follow Your Nose: Cracking Smell's Code,2016,N/A,N/A,N/A,xive+ Rent or Buy,70200
Hooloock Gibbons: Grasping The Last Branch,2009,N/A,N/A,N/A,,70200
Crookhat and the Kulanada,2011,N/A,N/A,N/A,,70200
Bird in Hand/Bye-Bye Birdie,2019,all,N/A,N/A,,70200
SoleJourney,2008,N/A,N/A,N/A,,70200
The Kurdish Factor,2018,N/A,N/A,N/A,Rent or Buy,70200
Shark Ganglands,2020,N/A,N/A,N/A,+ Rent or Buy,70200
Texas Storm Squad,2020,13+,N/A,N/A,,70200
Trees & Forest: Echoes of Nature Relaxation with Music & Nature,2016,N/A,N/A,N/A,+ Rent or Buy,70200
Twilight: Broken Hearts,2012,N/A,N/A,N/A,+ Rent or Buy,70200
Field of Operations: Guadalcanal,2021,N/A,N/A,N/A,Rent or Buy,70200
From Liberty to Captivity,2019,N/A,N/A,N/A,Rent or Buy,70200
Till My Head Caves In,1989,N/A,N/A,N/A,,70200
Duane Michals: The Man Who Invented Himself,2014,N/A,N/A,N/A,Rent or Buy,70200
Animal Builders,2019,N/A,N/A,N/A,,70200
Little Pim: At Home - Spanish for Kids,2010,N/A,N/A,N/A,+ Rent or Buy,70200
The 99%: Occupy Everywhere,2013,N/A,N/A,N/A,,70200
Field of Operations: Balkans,2021,N/A,N/A,N/A,Rent or Buy,70200
August Song,2011,N/A,N/A,N/A,,70200
REALFilm,2008,N/A,N/A,N/A,,70200
Whiteys Like Us,1999,N/A,N/A,N/A,,70200
Now You Know,2010,N/A,N/A,N/A,Rent or Buy,70250
California Unfiltered,2015,N/A,N/A,N/A,,70250
La gare,1965,N/A,N/A,N/A,,70250
China in Three Words,2014,N/A,N/A,N/A,,70250
Little Pim: At Home - Italian for Kids,2011,N/A,N/A,N/A,+ Rent or Buy,70250
The Nazi Temple of Doom,2012,N/A,N/A,N/A,,70250
Methods of Prediction,2015,N/A,N/A,N/A,+ Rent or Buy,70250
Champion Sheene,2003,N/A,N/A,N/A,Rent or Buy,70250
Japanese WWII Firearms,2018,N/A,N/A,N/A,Rent or Buy,70250
Odd Ones Out,2008,N/A,N/A,N/A,,70250
Instructions to the Cook: A Zen Master's Recipe for Living a Life That Matters,2006,N/A,N/A,N/A,Rent or Buy,70250
Technology of War: Sea Power,2015,N/A,N/A,N/A,+ Rent or Buy,70250
OGAR: Will of Steel,2017,N/A,N/A,N/A,dari+ Rent or Buy,70250
Tasmania - Paradise at the End of the World,2007,N/A,N/A,N/A,Rent or Buy,70250
Stevie Ray Vaughan - 1984-1989: Lonestar,2017,N/A,N/A,N/A,+ Rent or Buy,70250
Snowonder,1982,N/A,N/A,N/A,,70250
Insight,2016,N/A,N/A,N/A,+ Rent or Buy,70250
Volgens Protocol,2015,N/A,7.7/10,N/A,,70250
Rattlesnake Road Trip,2019,N/A,N/A,N/A,+ Rent or Buy,70250
There is No Finish Line,2011,N/A,N/A,N/A,Rent or Buy,70250
The Miracle of Tony Davis,2014,N/A,N/A,N/A,Rent or Buy,70250
Wild Weather,2017,N/A,N/A,N/A,Rent or Buy,70250
Lions Unleashed,2017,N/A,N/A,N/A,,70250
Lies and Secrets,2018,N/A,N/A,N/A,Rent or Buy,70250
The Auschwitz Museum,2016,N/A,N/A,N/A,+ Rent or Buy,70250
Mind The Video Man,2012,N/A,N/A,N/A,+ Rent or Buy,70250
Ski People,1980,N/A,N/A,N/A,+ Rent or Buy,70250
The Diana Conspiracy: What Happened in Paris?,2020,N/A,N/A,N/A,+ Rent or Buy,70250
West of Ventura,2015,N/A,N/A,N/A,Rent or Buy,70250
Kill Another Day,2017,N/A,N/A,N/A,+ Rent or Buy,70250
D-Day: The Shortest Day,2007,N/A,N/A,N/A,,70250
The Clinton Scandals,2016,N/A,N/A,N/A,Rent or Buy,70250
The House of Science: A Museum of False Facts,1991,N/A,N/A,N/A,,70250
Diving with Sharks: The Ultimate Guide,2017,N/A,N/A,N/A,xive+ Rent or Buy,70250
Prophecies: Unravel The Mystery,2000,N/A,N/A,N/A,+ Rent or Buy,70250
Daydreams,2004,N/A,N/A,N/A,,70250
Led Zeppelin: On the Rock Trail,1982,N/A,N/A,N/A,+ Rent or Buy,70250
The Mighty Atom,2017,N/A,N/A,N/A,+ Rent or Buy,70250
Satellite Dreaming,1991,N/A,N/A,N/A,,70250
Yes. It's a Movie,2011,all,N/A,N/A,+ Rent or Buy,70250
509 Films: Project Adventure,2017,N/A,N/A,N/A,+ Rent or Buy,70250
Hot Springs Eternal/Tooey's Hero,2019,all,N/A,N/A,,70250
Of Heart and Courage,2012,N/A,N/A,N/A,+ Rent or Buy,70250
KC HiLites Offroad Journey,2011,N/A,N/A,N/A,,70250
Ben Cropp's Crocodile Island,2014,N/A,N/A,N/A,,70250
Two Laws,1981,N/A,N/A,N/A,,70250
東成西就2011 East Meets West,2011,N/A,N/A,N/A,Rent or Buy,70250
Fukushima: Five Years Later,2016,N/A,N/A,N/A,,70250
Videograss: The Darkside,2012,N/A,N/A,N/A,+ Rent or Buy,70250
Bird vs. Plane: Miracle on the Hudson,2019,N/A,N/A,N/A,smit+ Rent or Buy,70250
Magic Sticky Hand 2,2017,N/A,N/A,N/A,+ Rent or Buy,70300
Cyborg: The Ultimate Weapon,2008,N/A,N/A,N/A,+ Rent or Buy,70300
Miss Rivers,2017,N/A,N/A,N/A,,70300
Christmas Traditions,2015,N/A,N/A,N/A,,70300
Marias: Faith in Womanhood,2015,N/A,N/A,N/A,Rent or Buy,70300
Kambili: The Whole 30 Yards,2021,N/A,6.0/10,N/A,,70300
Dog Story,1988,N/A,N/A,N/A,,70300
The Shadows of Men,2017,N/A,N/A,N/A,,70300
November's Children: Revolution in Prague,1991,N/A,N/A,N/A,,70300
Alalá,2016,N/A,N/A,N/A,,70300
